"DateOfDataEntry","Square","Member","SubMember","ToolNumber","RawMaterial","OtherRaw.MaterialID","CoreTypology","OverallCortexArea","CortexType","CoreArtifactClass","EvidenceBipolar","NumberCoreFaces","WhichIsPlatform","CoreBlankSphericity","IntendedProduct","CoreSubTypology","ConardUnifiedType","BipolarChronology","DegreeOfKnappingAlongCircumference","OverallScarCount","LengthLongestFlakeScar","MaxLength","MaxWidth","MaxThickness","Mass","OtherNotes","Photograph","FeatureName","surface_area_cores_2","SDI_2"
"21/07/2023","P13","CL","CL4",860,"Chalcedony","","Core>2flakescars","0%","","CompCore","Bipolar","Three","None","Flake","BladeBladelet","Bladeletcore","Bipolar","AfterFH","270-360",5,9.27,10.2,5.98,5.52,0.29,"","Yes","GG2",300.6192,0.0166323375220212
"25/07/2023","O14","CL","CL1",912,"CoarseChert","","Core>2flakescars","1-10%","Cobble","CompCore","Bipolar","MoreThanFour","One","SphericalOrCubic","BladeBladelet","Bladeletcore","Platform","AfterFH","270-360",4,20.85,21.45,12.34,9.22,3.03,"","Yes","N/A",1152.4736,0.00347079533969368
"26/07/2023","O14","CL","CL3",933,"CoarseChert","","Core>2flakescars","11-40%","Cobble","CompCore","Bipolar","Four","One","NotSphericalFlat","Flake","Irregularcore","Platform","AfterFH","180-270",4,12.25,31.5,22.92,15.18,11.34,"looks heat treated. possibly silcrete, but uncertain","Yes","N/A",3096.1512,0.00129192656999439
"21/07/2023","P13","CL","CL4",868,"CrystalQuartz","","Core>2flakescars","11-40%","Outcrop","CompCore","Bipolar","Four","None","SphericalOrCubic","Flake","Radialcore","Platform","AfterFH","270-360",6,8.07,18.41,16.73,8.5,3.28,"dome shaped core","Yes","base",1213.3786,0.0049448704633492
"24/07/2023","P13","CL","CL2",884,"CrystalQuartz","","Core>2flakescars","0%","","CompCore","Bipolar","Three","One","SphericalOrCubic","Flake","Radialcore","Platform","AfterFH","270-360",6,6.16,8.58,7.55,4.43,0.24,"","Yes","AF4",272.4698,0.0220207890929564
"21/07/2023","P13","CL","CL3",870,"VeinQuartz","","Core>2flakescars","1-10%","Cobble","CompCore","Bipolar","Two","None","Flake","Flake","Irregularcore","Parallel","AfterFH","90-180",3,9.11,18.69,10.07,3.97,0.73,"core-on-flake","No","MOT.ASH",604.771,0.00496055531763262
"24/07/2023","P13","CL","CL2",878,"Sandstone","","Core>2flakescars","11-40%","Cobble","CoreFrag","Bipolar","MoreThanFour","None","NotSphericalFlat","Flake","Irregularcore","Platform","AfterFH","180-270",3,22.27,49.87,48.76,22.41,73.78,"","Yes","AF4",9283.919,0.000323139398351063
"24/07/2023","P13","CL","CL3",897,"CrystalQuartz","","Core>2flakescars","0%","","CompCore","Bipolar","Two","None","NotSphericalFlat","BladeBladelet","FlatBladeletCore","Parallel","BeforeFH","270-360",3,9.32,9.32,6.11,2.99,0.15,"","No","N/A",206.1618,0.0145516773718507
"24/07/2023","P13","CL","CL2",880,"FineChert","","Core>2flakescars","0%","","CompCore","Bipolar","Two","None","NotSphericalFlat","Flake","CoreReducedPiece","Parallel","BeforeFH","180-270",6,8.76,11.76,11.37,3.59,0.56,"core-on-flake","Yes","AF4",433.4958,0.0138409645491375
"21/07/2023","P13","CL","CL4",866,"VeinQuartz","","Core>2flakescars","0%","","CompCore","Bipolar","Four","None","NotSphericalFlat","BladeBladelet","Bladeletcore","Bipolar","BeforeFH","270-360",5,8.83,15.2,6.99,6.02,0.91,"","Yes","N/A",479.6636,0.0104239721338038
"24/07/2023","P13+P14","CL","CL3",891,"VeinQuartz","","Core>2flakescars","0%","","CoreFrag","Bipolar","MoreThanFour","One","SphericalOrCubic","BladeBladelet","Bladeletcore","Platform","BeforeFH","270-360",4,17.04,17.41,12.3,14.37,4,"split on one end with bipolar, other removals occur along another platform surface","Yes","Mousehole",1282.1514,0.0031197563719854
"26/07/2023","O14","CL","CL3",932,"VeinQuartz","","Core>2flakescars","0%","","CompCore","Bipolar","Three","None","NotSphericalFlat","BladeBladelet","FlatBladeletCore","Parallel","BeforeFH","270-360",3,13.11,13.87,7.83,5.31,0.64,"","Yes","MUISGAT",447.6582,0.0067015414885732
"26/07/2023","O14","CL","CL3",941,"VeinQuartz","","Core>2flakescars","1-10%","Outcrop","CompCore","Bipolar","MoreThanFour","One","SphericalOrCubic","Flake","Irregularcore","Platform","BeforeFH","270-360",5,11.64,12.76,9.16,7.04,1.08,"","No","MA",542.3968,0.00921834347105293
"25/07/2023","O14","CL","CL2",920,"Quartzite","","Core>2flakescars","61-90%","Cobble","CompCore","Bipolar","MoreThanFour","One","SphericalOrCubic","Flake","Irregularcore","Platform","BeforeFH","0-90",4,46.33,110.48,81.02,75.59,1139.6,"battered cobble","Yes","MOU",46853.1492,8.53731300520563e-05
"24/07/2023","P13","CL","CL3",901,"CrystalQuartz","","Core>2flakescars","11-40%","Outcrop","CompCore","Freehand","Four","One","SphericalOrCubic","Flake","Irregularcore","Platform","indeterminate","90-180",2,9.73,25.54,13.74,15.27,6.32,"","Yes","N/A",1901.4504,0.00105182864617452
"26/07/2023","O14","CL","CL3",931,"CrystalQuartz","","Core>2flakescars","0%","","CompCore","Bipolar","Two","None","NotSphericalFlat","BladeBladelet","FlatBladeletCore","Parallel","indeterminate","270-360",3,9,9.86,5.73,3.93,0.24,"","Yes","MUISGAT",235.533,0.0127370686910115
"24/07/2023","P13","CL","CL3",907,"FineChert","","Core>2flakescars","0%","","CompCore","Freehand","Four","One","SphericalOrCubic","Flake","Irregularcore","Platform","indeterminate","180-270",4,23.5,23.5,13.75,12.9,4,"","Yes","AF5",1607.3,0.00248864555465688
"21/07/2023","P13","CL","CL3",869,"VeinQuartz","","Core>2flakescars","0%","","CompCore","Freehand","Two","None","Flake","Flake","Irregularcore","Parallel","indeterminate","270-360",3,7.74,10.72,10.52,3.09,0.4,"core-on-flake","Yes","MOT.ASH",356.812,0.00840778897570709
"24/07/2023","P13","CL","CL3",902,"VeinQuartz","","Core>2flakescars","1-10%","Cobble","CompCore","Freehand","MoreThanFour","One","SphericalOrCubic","Flake","Irregularcore","Platform","indeterminate","90-180",2,9.47,11.55,14.61,10.36,2.35,"","No","N/A",879.5262,0.00227395158893504
"24/07/2023","P13","CL","CL3",905,"VeinQuartz","","Core>2flakescars","0%","","CompCore","Freehand","Four","None","SphericalOrCubic","Flake","Irregularcore","Inclined","indeterminate","90-180",4,11.93,18.84,12.49,9.82,2.78,"","No","AF5",1085.9444,0.00368342983305591
"25/07/2023","O14","CL","CL2",914,"VeinQuartz","","Core>2flakescars","1-10%","Cobble","CompCore","Bipolar","MoreThanFour","One","SphericalOrCubic","Flake","CoreReducedPiece","Platform","indeterminate","180-270",3,19.27,20.64,15.71,13.23,3.6,"","No","N/A",1610.3298,0.00186297241720299
"26/07/2023","O14","CL","CL3",926,"VeinQuartz","","Core>2flakescars","0%","","CompCore","Freehand","Three","One","SphericalOrCubic","Flake","Irregularcore","Inclined","indeterminate","180-270",4,35,75.02,56.79,29.85,128.7,"","Yes","Mousel",16389.8286,0.000244053802978757
"26/07/2023","O14","CL","CL3",939,"VeinQuartz","","Core>2flakescars","0%","","CompCore","Bipolar","MoreThanFour","None","SphericalOrCubic","Flake","Irregularcore","Other","indeterminate","270-360",4,15.12,18.29,10.96,10.6,2.7,"","No","MA",1021.0168,0.00391766325490433
"26/07/2023","O14","CL","CL3",945,"VeinQuartz","","Core>2flakescars","0%","","CompCore","Freehand","Four","One","SphericalOrCubic","Flake","Irregularcore","Platform","indeterminate","180-270",3,22.1,30.45,28.71,20.03,12.37,"","Yes","BBG",4118.3886,0.00072844024480837
"25/07/2023","O14","CL","CL1",909,"Quartzite","","Core>2flakescars","1-10%","Cobble","CompCore","Freehand","Four","One","SphericalOrCubic","Flake","Radialcore","Platform","indeterminate","270-360",10,41.1,55.06,41.68,25.41,64.63,"raw material uncertain. Likely very fine grain quartzite, possible coarse chert.","Yes","lower",9506.1284,0.00105195296962326
"25/07/2023","O14","CL","CL1",910,"Quartzite","Ochre","Core>2flakescars","41-60%","Cobble","CompCore","Bipolar","MoreThanFour","None","SphericalOrCubic","Flake","Irregularcore","Other","indeterminate","90-180",5,52.98,80.12,75.44,50.9,419.4,"possibly ochre","Yes","AF8",27924.5136,0.000179054148323644
"25/07/2023","O14","CL","CL2",921,"Quartzite","","Core>2flakescars","61-90%","Cobble","CompCore","Freehand","MoreThanFour","None","NotSphericalFlat","Flake","Irregularcore","Other","indeterminate","180-270",6,40.53,133.89,81.97,48.63,669.3,"flaked in opposite directions on both edges","Yes","MOU",42944.4702,0.000139715310773586
"26/07/2023","O14","CL","CL3",943,"Quartzite","","Core>2flakescars","11-40%","Cobble","CompCore","Freehand","Four","One","SphericalOrCubic","Flake","Irregularcore","Platform","indeterminate","270-360",5,31.23,61.67,48.97,33.71,94.1,"core-on-flake","Yes","BBG",13499.3086,0.000370389339791817
"26/07/2023","O14","CL","CL3",944,"Silcrete","","Core>2flakescars","0%","","CompCore","Freehand","Four","One","SphericalOrCubic","Flake","Radialcore","Platform","indeterminate","270-360",6,27.42,41.07,24.05,16.99,14.91,"","Yes","BBG",4188.2446,0.00143258108659652
"25/07/2023","O14","CL","CL1",911,"Chalcedony","","Core>2flakescars","0%","","CompCore","Bipolar","Four","One","SphericalOrCubic","BladeBladelet","Bladeletcore","Bipolar","NoFH","270-360",7,12.45,16.25,6.21,6.44,0.89,"","Yes","N/A",491.1098,0.0142534317173064
"24/07/2023","P13","CL","CL2",877,"CoarseChert","","Core>2flakescars","11-40%","Outcrop","CompCore","Bipolar","MoreThanFour","None","NotSphericalFlat","Flake","Irregularcore","Bipolar","NoFH","90-180",3,11.28,29.08,16.35,12.27,7.7,"","Yes","AF4",2065.7682,0.00145224425470389
"21/07/2023","O14","CL","CL3",857,"CrystalQuartz","","Core>2flakescars","11-40%","Outcrop","CompCore","Bipolar","Four","One","SphericalOrCubic","BladeBladelet","Bladeletcore","Platform","NoFH","180-270",6,7.95,12.45,10.99,8.57,1.28,"","Yes","",675.4126,0.00888345879244776
"21/07/2023","P13","CL","CL4",861,"CrystalQuartz","","Core>2flakescars","1-10%","Outcrop","CompCore","Bipolar","Four","None","NotSphericalFlat","BladeBladelet","FlatBladeletCore","Parallel","NoFH","180-270",4,6.75,7.7,7.12,3.86,0.23,"","Yes","GGG",224.0584,0.0178524884583662
"21/07/2023","P13","CL","CL4",864,"CrystalQuartz","","Core>2flakescars","0%","","CompCore","Bipolar","Three","None","NotSphericalFlat","BladeBladelet","FlatBladeletCore","Bipolar","NoFH","270-360",3,7.42,8.67,3.9,3.28,0.1,"","Yes","N/A",150.0852,0.0199886464488171
"21/07/2023","P13","CL","CL4",867,"CrystalQuartz","","Core>2flakescars","0%","","CompCore","Bipolar","Four","None","SphericalOrCubic","Flake","RiceGrainCore","Inclined","NoFH","270-360",4,4.06,6.48,4.1,3.23,0.08,"rice grain core, flake scars all <5mm","Yes","YP",121.4828,0.0329264718956099
"21/07/2023","P13","CL","CL2",873,"CrystalQuartz","","Core>2flakescars","0%","","CompCore","Bipolar","Four","None","NotSphericalFlat","BladeBladelet","RiceGrainCore","Parallel","NoFH","270-360",4,9.32,9.57,5.06,2.94,0.15,"","Yes","N/A",182.8728,0.0218731271134909
"21/07/2023","P13","CL","CL2",875,"CrystalQuartz","","Core>2flakescars","11-40%","Cobble","CompCore","Bipolar","Two","None","Flake","BladeBladelet","FlatBladeletCore","Parallel","NoFH","270-360",4,8.52,8.87,6.97,3.53,0.2,"core-on-flake","Yes","N/A",235.4782,0.0169867104470817
"21/07/2023","P13","CL","CL2",876,"CrystalQuartz","","Core>2flakescars","0%","","CoreFrag","Bipolar","Two","None","SphericalOrCubic","BladeBladelet","Bladeletcore","Bipolar","NoFH","270-360",3,5.44,8.16,5.47,3.36,0.15,"","No","N/A",180.864,0.0165870488322718
"24/07/2023","P13","CL","CL2",879,"CrystalQuartz","","Core>2flakescars","0%","","CompCore","Bipolar","Four","None","NotSphericalFlat","BladeBladelet","FlatBladeletCore","Parallel","NoFH","270-360",5,6.14,11.82,4.45,3.07,0.16,"","Yes","AF4",205.0958,0.0243788512490261
"24/07/2023","P13","CL","CL2",882,"CrystalQuartz","","Core>2flakescars","0%","","CompCore","Bipolar","Two","None","NotSphericalFlat","BladeBladelet","FlatBladeletCore","Parallel","NoFH","270-360",3,8.08,8.48,6.57,1.71,0.12,"","No","AF4",162.8982,0.0184164097577505
"24/07/2023","P13","CL","CL2",883,"CrystalQuartz","","Core>2flakescars","0%","","CompCore","Bipolar","Two","None","NotSphericalFlat","BladeBladelet","FlatBladeletCore","Parallel","NoFH","270-360",4,9.61,9.86,7.74,3.06,0.25,"","Yes","AF4",260.3448,0.015364240038595
"24/07/2023","P13","CL","CL2",885,"CrystalQuartz","","Core>2flakescars","0%","","CompCore","Bipolar","Three","None","SphericalOrCubic","Flake","RiceGrainCore","Bipolar","NoFH","270-360",3,6.41,7.05,4.36,2.91,0.09,"","Yes","AF4",127.8822,0.0234590896934835
"24/07/2023","P13","CL","CL2",886,"CrystalQuartz","","Core>2flakescars","0%","","CompCore","Bipolar","Four","None","NotSphericalFlat","Flake","CoreReducedPiece","Inclined","NoFH","180-270",3,7.05,8.47,4.11,3.02,0.15,"","No","AF4",145.6066,0.0206034616562711
"24/07/2023","P13","CL","CL1",888,"CrystalQuartz","","Core>2flakescars","0%","","CompCore","Bipolar","Three","None","NotSphericalFlat","BladeBladelet","FlatBladeletCore","Parallel","NoFH","270-360",4,7.43,8.34,3.51,3.25,0.12,"","No","N/A",135.5718,0.0295046609988213
"24/07/2023","P13","CL","CL1",889,"CrystalQuartz","","Core>2flakescars","0%","","CompCore","Bipolar","Four","None","SphericalOrCubic","BladeBladelet","Bladeletcore","Inclined","NoFH","270-360",5,8.06,8.06,4.03,4.65,0.18,"","Yes","N/A",177.4006,0.0281847975711469
"24/07/2023","P13","CL","CL1",890,"CrystalQuartz","","Core>2flakescars","0%","","CompCore","Bipolar","Four","One","SphericalOrCubic","BladeBladelet","Bladeletcore","Platform","NoFH","270-360",5,9.68,9.94,5.65,4.17,0.37,"","Yes","N/A",242.3426,0.0206319483243969
"24/07/2023","P13","CL","CL3",892,"CrystalQuartz","","Core>2flakescars","41-60%","Outcrop","CompCore","Bipolar","Four","None","SphericalOrCubic","Flake","Irregularcore","Bipolar","NoFH","270-360",3,8.96,20.36,11.19,7.91,2.26,"only flaked on one face","No","MOT.ASH",954.7778,0.0031420923276599
"24/07/2023","P13","CL","CL3",898,"CrystalQuartz","","Core>2flakescars","0%","","CoreFrag","Bipolar","Two","None","NotSphericalFlat","Flake","Irregularcore","Parallel","NoFH","180-270",2,6.23,9.38,5.11,1.81,0.14,"","No","N/A",148.3174,0.0134845945249849
"24/07/2023","P13","CL","CL3",899,"CrystalQuartz","","Core>2flakescars","0%","","CompCore","Bipolar","Four","One","SphericalOrCubic","BladeBladelet","Bladeletcore","Bipolar","NoFH","270-360",4,7.18,7.21,5.37,4.99,0.23,"","Yes","N/A",202.9838,0.0197060060950677
"24/07/2023","P13","CL","CL3",900,"CrystalQuartz","","Core>2flakescars","0%","","CompCore","Bipolar","Two","None","NotSphericalFlat","BladeBladelet","FlatBladeletCore","Parallel","NoFH","270-360",3,8.42,8.42,5.1,3.2,0.12,"","Yes","N/A",172.412,0.017400180961882
"24/07/2023","P13","CL","CL3",903,"CrystalQuartz","","Core>2flakescars","0%","","CompCore","Bipolar","Four","None","NotSphericalFlat","BladeBladelet","FlatBladeletCore","Bipolar","NoFH","180-270",3,11.66,11.66,4.69,3.71,0.22,"","No","N/A",230.6878,0.0130045888859315
"24/07/2023","P13","CL","CL3",904,"CrystalQuartz","","Core>2flakescars","11-40%","Cobble","CompCore","Bipolar","Three","None","SphericalOrCubic","BladeBladelet","Bladeletcore","Platform","NoFH","180-270",3,10.76,11.14,5.38,5.06,0.31,"","No","N/A",287.0488,0.0104511846069379
"25/07/2023","O14","CL","CL2",917,"CrystalQuartz","","Core>2flakescars","41-60%","Outcrop","CompCore","Bipolar","Two","None","NotSphericalFlat","BladeBladelet","FlatBladeletCore","Inclined","NoFH","90-180",3,13.08,13.49,7.31,3.75,0.41,"","Yes","N/A",353.2238,0.00849319892940396
"25/07/2023","O14","CL","CL2",918,"CrystalQuartz","","Core>2flakescars","0%","","CompCore","Bipolar","Three","None","NotSphericalFlat","BladeBladelet","FlatBladeletCore","Parallel","NoFH","270-360",3,10.5,11.6,4.73,2.93,0.18,"","No","N/A",205.4298,0.0146035287966984
"25/07/2023","O14","CL","CL3",924,"CrystalQuartz","","Core>2flakescars","11-40%","Outcrop","CompCore","Bipolar","Three","None","NotSphericalFlat","Flake","Irregularcore","Bipolar","NoFH","180-270",3,7.32,15.88,7.68,5.76,1.21,"","No","AF21",515.328,0.00582153502235469
"26/07/2023","O14","CL","CL3",927,"CrystalQuartz","","Core>2flakescars","0%","","CompCore","Bipolar","MoreThanFour","None","SphericalOrCubic","BladeBladelet","Bladeletcore","Bipolar","NoFH","270-360",3,8.02,8.02,6.37,5.97,0.35,"","No","Mousel",273.9914,0.0109492487720417
"26/07/2023","O14","CL","CL3",928,"CrystalQuartz","","Core>2flakescars","0%","","CompCore","Bipolar","Three","None","SphericalOrCubic","BladeBladelet","Bladeletcore","Platform","NoFH","180-270",3,9.25,9.91,4.24,2.91,0.11,"","No","BG",166.3898,0.0180299513551912
"26/07/2023","O14","CL","CL3",929,"CrystalQuartz","","Core>2flakescars","0%","","CompCore","Bipolar","Four","None","NotSphericalFlat","BladeBladelet","FlatBladeletCore","Bipolar","NoFH","180-270",4,7.91,7.91,4.2,3.97,0.17,"","No","BG",162.5974,0.0246006393706172
"26/07/2023","O14","CL","CL3",930,"CrystalQuartz","","Core>2flakescars","0%","","CompCore","Bipolar","Three","None","SphericalOrCubic","Flake","Irregularcore","Bipolar","NoFH","270-360",3,6.57,9.68,6.12,4.58,0.22,"","No","BG",263.2112,0.0113976912836536
"26/07/2023","O14","CL","CL3",934,"CrystalQuartz","","Core>2flakescars","0%","","CompCore","Bipolar","Two","None","SphericalOrCubic","Flake","Irregularcore","Bipolar","NoFH","270-360",5,5.08,10.16,6.25,4.51,0.24,"","No","Mousehole",275.0182,0.0181806149556648
"26/07/2023","O14","CL","CL3",935,"CrystalQuartz","","Core>2flakescars","11-40%","Outcrop","CompCore","Bipolar","Two","None","NotSphericalFlat","Flake","Irregularcore","Bipolar","NoFH","90-180",3,7.62,11.4,7.23,4.96,0.4,"","No","Mousehole",349.6536,0.00857992024106144
"24/07/2023","P13","CL","CL2",881,"FineChert","","Core>2flakescars","11-40%","Cobble","CompCore","Bipolar","Three","None","SphericalOrCubic","Flake","Irregularcore","Bipolar","NoFH","180-270",3,10.83,12.71,7.53,6.01,0.62,"","Yes","AF4",434.6974,0.00690135252706825
"24/07/2023","P13","CL","CL2",887,"FineChert","","Core>2flakescars","0%","","CompCore","Bipolar","Two","None","SphericalOrCubic","BladeBladelet","Bladeletcore","Bipolar","NoFH","180-270",3,7.77,7.77,6.82,2.66,0.16,"","Yes","AF4",183.6016,0.0163397268869117
"25/07/2023","O14","CL","CL2",916,"FineChert","","Core>2flakescars","1-10%","Cobble","CoreFrag","Bipolar","Four","One","NotSphericalFlat","BladeBladelet","FlatBladeletCore","Parallel","NoFH","180-270",3,20.22,20.22,9.51,6.68,1.79,"","Yes","N/A",781.7772,0.00383741045402706
"26/07/2023","O14","CL","CL3",937,"FineChert","","Core>2flakescars","11-40%","Cobble","CompCore","Bipolar","MoreThanFour","One","SphericalOrCubic","Flake","Irregularcore","Platform","NoFH","90-180",4,17.43,20.74,10.63,13.41,2.78,"","Yes","Mousehole",1282.2758,0.0031194537087887
"26/07/2023","O14","CL","CL3",925,"HeterogenousChert","","Core>2flakescars","0%","","CompCore","Bipolar","Four","One","SphericalOrCubic","Flake","Irregularcore","Platform","NoFH","180-270",3,23.61,24.88,19.82,14.27,7.63,"","Yes","AF9 U",2261.9812,0.00132627096989135
"21/07/2023","P13","CL","CL4",862,"VeinQuartz","","Core>2flakescars","1-10%","Outcrop","CompCore","Bipolar","Four","Four","NotSphericalFlat","BladeBladelet","FlatBladeletCore","Bipolar","NoFH","180-270",3,12.37,13.62,7.35,4.51,0.61,"","Yes","GGG",389.3634,0.00770488443443837
"21/07/2023","P13","CL","CL4",863,"VeinQuartz","","Core>2flakescars","0%","","CompCore","Bipolar","Three","None","SphericalOrCubic","BladeBladelet","FlatBladeletCore","Inclined","NoFH","270-360",4,14.66,14.69,5.42,4.21,0.45,"","Yes","GGG",328.5658,0.0121741215914742
"21/07/2023","P13","CL","CL2",872,"VeinQuartz","","Core>2flakescars","0%","","CompCore","Bipolar","MoreThanFour","None","SphericalOrCubic","BladeBladelet","Bladeletcore","Bipolar","NoFH","180-270",6,13.58,19.88,13.85,10.96,5.51,"","Yes","N/A",1290.0376,0.00465102722587311
"24/07/2023","P13","CL","CL3",893,"VeinQuartz","","Core>2flakescars","0%","","CompCore","Bipolar","Four","None","SphericalOrCubic","Flake","Radialcore","Bipolar","NoFH","270-360",4,14.44,14.48,7.47,8.56,1.22,"","No","MOT.ASH",592.1152,0.00675544218422361
"24/07/2023","P13","CL","CL3",894,"VeinQuartz","","Core>2flakescars","0%","","CompCore","Bipolar","Three","None","NotSphericalFlat","BladeBladelet","FlatBladeletCore","Bipolar","NoFH","270-360",2,13.25,13.25,6.31,4.55,0.37,"","No","MOT.ASH",345.211,0.00579355814270113
"24/07/2023","P13","CL","CL3",895,"VeinQuartz","","Core>2flakescars","0%","","CoreFrag","Bipolar","Four","None","NotSphericalFlat","BladeBladelet","FlatBladeletCore","Bipolar","NoFH","180-270",3,14.58,15.51,8.1,6.99,1.01,"","No","MOT.ASH",581.3298,0.00516058182463724
"24/07/2023","P13","CL","CL3",896,"VeinQuartz","","Core>2flakescars","0%","","CompCore","Bipolar","Four","None","NotSphericalFlat","Flake","CoreReducedPiece","Bipolar","NoFH","180-270",5,10.48,13.53,8.68,5.36,0.79,"recycled bipolar core","Yes","MOT.ASH",472.972,0.0105714503184121
"24/07/2023","P13","CL","CL3",906,"VeinQuartz","","Core>2flakescars","1-10%","Cobble","CoreFrag","Bipolar","Four","None","SphericalOrCubic","Flake","Irregularcore","Bipolar","NoFH","90-180",3,17.44,19.28,8.6,9.82,2.63,"","No","AF5",879.1792,0.0034122736297674
"25/07/2023","O14","CL","CL2",913,"VeinQuartz","","Core>2flakescars","0%","","CompCore","Bipolar","Four","One","SphericalOrCubic","Flake","Irregularcore","Bipolar","NoFH","180-270",4,26.78,26.79,11.85,15.66,4.28,"","No","N/A",1845.1278,0.00216787151545817
"25/07/2023","O14","CL","CL2",915,"VeinQuartz","","Core>2flakescars","0%","","CompCore","Bipolar","MoreThanFour","None","SphericalOrCubic","Flake","Irregularcore","Bipolar","NoFH","180-270",4,26.57,36.06,30.11,23.71,29.94,"","Yes","N/A",5309.3146,0.000753392914407445
"25/07/2023","O14","CL","CL3",923,"VeinQuartz","","Core>2flakescars","1-10%","Outcrop","CompCore","Bipolar","Two","None","SphericalOrCubic","Flake","Irregularcore","Bipolar","NoFH","90-180",4,8.91,17.04,6.52,7.01,0.93,"","No","AF21",552.5128,0.00723965128047712
"26/07/2023","O14","CL","CL3",936,"VeinQuartz","","Core>2flakescars","1-10%","Outcrop","CompCore","Bipolar","Four","One","SphericalOrCubic","Flake","Irregularcore","Bipolar","NoFH","270-360",5,19.74,25.11,20.34,19.19,9.93,"","Yes","Mousehole",2765.8458,0.00180776527744244
"26/07/2023","O14","CL","CL3",938,"VeinQuartz","","Core>2flakescars","0%","","CompCore","Bipolar","Four","None","SphericalOrCubic","Flake","Irregularcore","Bipolar","NoFH","180-270",3,12.33,19.72,16.13,15.75,5.36,"","No","MA",1765.4422,0.00169929097650436
"26/07/2023","O14","CL","CL3",942,"VeinQuartz","","Core>2flakescars","0%","","CompCore","Bipolar","MoreThanFour","One","SphericalOrCubic","BladeBladelet","FlatBladeletCore","Platform","NoFH","270-360",4,16.69,16.71,7.69,7.93,1.06,"","Yes","MA",643.9838,0.00621133637212613
"26/07/2023","O14","CL","CL3",946,"VeinQuartz","","Core>2flakescars","0%","","CompCore","Bipolar","MoreThanFour","None","SphericalOrCubic","Flake","Irregularcore","Bipolar","NoFH","270-360",6,19.09,22.74,18.07,17.43,7.12,"","Yes","BBG",2244.4602,0.00267324856105713
"26/07/2023","O14","CL","CL3",947,"VeinQuartz","","Core>2flakescars","0%","","CompCore","Bipolar","MoreThanFour","One","SphericalOrCubic","Flake","Irregularcore","Bipolar","NoFH","270-360",4,20.82,25.25,12.34,10.56,4.25,"","No","BBG",1417.0708,0.00282272417157985
"12.04.15","P14","CL","CL1",505,"Silcrete","","Core>2flakescars","11-40%","Outcrop","CompCore","Bipolar","2","None","Flake","BladeBladelet","Bladeletcore","Bipolar","AfterFH","90-180",NA,NA,26.58,5.32,16.83,2.05,"core trimming flake the exploited on narrow front for a few bladelets, BP scarring","Yes","",1356.5652,NA
"12.04.15","P14","CL","CL1",509,"CrystalQuartz","","Core>2flakescars","41-60%","Outcrop","CompCore","Bipolar","1","None","SphericalOrCubic","BladeBladelet","CoreReducedPiece","Bipolar","NoFH","90-180",NA,NA,17.64,13.43,8.86,1.46,"nice eg of crystal bp flaking","Yes","",1024.3708,NA
"12.04.15","P14","CL","CL1",511,"CrystalQuartz","","Core>2flakescars","11-40%","Outcrop","CompCore","Bipolar","2","None","SphericalOrCubic","BladeBladelet","CoreReducedPiece","Bipolar","NoFH","180-270",NA,NA,12.59,13.3,6.96,1.12,"good eg of flake scars following quartz crystal ctructure","Yes","",695.2828,NA
"12.04.15","P14","CL","CL1",512,"VeinQuartz","","Core>2flakescars","1-9%","Outcrop","CompCore","Bipolar","3","None","SphericalOrCubic","BladeBladelet","RiceGrainCore","Bipolar","NoFH","270-360",NA,NA,16.12,6.93,5.28,0.56,"","Yes","",466.8312,NA
"12.04.15","P14","CL","CL1",513,"VeinQuartz","","Core>2flakescars","0%","","CoreFrag","Bipolar","1","None","SphericalOrCubic","BladeBladelet","RiceGrainCore","Bipolar","NoFH","270-360",NA,NA,14.09,5.39,4.47,0.4,"chilled rice grain","Yes","",326.0414,NA
"12.04.15","P14","CL","CL1",514,"Quartzite","","Core>2flakescars","0%","","CompCore","Bipolar","3","None","SphericalOrCubic","BladeBladelet","RiceGrainCore","Bipolar","NoFH","270-360",NA,NA,13.54,6.28,4.06,0.42,"","Yes","",331.0008,NA
"12.11.15","P14","CL","CL1",605,"CoarseChert","","Core>2flakescars","1-9%","Outcrop","CompCore","Bipolar","1","None","NotSphericalFlat","BladeBladelet","FlatBladeletCore","Bipolar","NoFH","270-360",NA,NA,20.33,18.92,6.07,2.37,"","Yes","",1245.7822,NA
"12.11.15","P14","CL","CL1",606,"Chalcedony","","Core>2flakescars","0%","","CompCore","Bipolar","2","None","NotSphericalFlat","Indeterminate","CoreReducedPiece","Bipolar","NoFH","270-360",NA,NA,14.88,14.7,5.91,1.6,"","Yes","",787.1076,NA
"12.11.15","P14","CL","CL1",607,"VeinQuartz","","Core>2flakescars","0%","","CompCore","Bipolar","2","None","NotSphericalFlat","BladeBladelet","FlatBladeletCore","Bipolar","NoFH","270-360",NA,NA,12.96,11.19,3.78,0.63,"","No","",472.6188,NA
"12.04.15","P14","CL","CL1",92,"VeinQuartz","","Core>2flakescars","11-40%","","CompCore","Bipolar","","","SphericalOrCubic","","RiceGrainCore","","NoFH","180-270",4,NA,12.16,6.01,4.11,0.38,"","No","",295.5206,0.013535435431574
"12.04.15","P14","CL","CL1",93,"FineChert","","Core>2flakescars","1-9%","","CompCore","Bipolar","","","SphericalOrCubic","","RiceGrainCore","","NoFH","270-360",4,NA,11.28,5.86,4.11,0.27,"great chert rice grain","Yes","",273.0924,0.0146470571865054
"12.04.15","P14","CL","CL1",94,"VeinQuartz","","Core>2flakescars","0%","","CoreFrag","Bipolar","","","NotSphericalFlat","","FlatBladeletCore","","NoFH","270-360",5,NA,10.21,7.46,3.42,0.31,"","No","",273.196,0.0183018785048097
"12.04.15","P14","CL","CL1",95,"VeinQuartz","","Core>2flakescars","1-9%","","CoreFrag","Bipolar","","","NotSphericalFlat","","FlatBladeletCore","","NoFH","180-270",6,NA,11.84,4.97,2.41,0.2,"chilled core","No","",198.7138,0.0301941787636289
"12.07.15","P14","CL","CL1",96,"VeinQuartz","","Core>2flakescars","0%","","CompCore","Bipolar","","","SphericalOrCubic","","RiceGrainCore","","NoFH","270-360",3,NA,8.2,3.97,3.47,0.13,"","Yes","",149.5678,0.020057793188106
"12.07.15","P14","CL","CL1",97,"VeinQuartz","","Core>2flakescars","11-40%","","CompCore","Bipolar","","","NotSphericalFlat","","FlatBladeletCore","","NoFH","180-270",7,NA,5.83,3.42,1.67,0.12,"","Yes","",70.7722,0.0989088936051161
"12.07.15","P14","CL","CL1",98,"CrystalQuartz","","Core>2flakescars","0%","","CoreFrag","Bipolar","","","NotSphericalFlat","","CoreReducedPiece","","NoFH","180-270",3,NA,7.66,3.06,1.84,0.07,"","Yes","",86.3288,0.0347508595045917
"12.07.15","P14","CL","CL1",99,"VeinQuartz","","Core>2flakescars","0%","","CoreFrag","Bipolar","","","NotSphericalFlat","","FlatBladeletCore","","NoFH","180-270",4,NA,8.74,6.22,2.56,0.15,"chilled","Yes","",185.3208,0.0215841934634428
"12.07.15","P14","CL","CL1",100,"VeinQuartz","","Core>2flakescars","11-40%","","CompCore","Bipolar","","","SphericalOrCubic","","RiceGrainCore","","NoFH","270-360",NA,NA,9.06,3.62,3.13,0.14,"only non flaked are cortical","Yes","",144.9712,NA
"12.07.15","P14","CL","CL1",101,"Chalcedony","","Core>2flakescars","0%","","CompCore","Bipolar","","","SphericalOrCubic","","CoreReducedPiece","","NoFH","270-360",4,NA,8.92,4.78,2.96,0.13,"","Yes","",166.3792,0.0240414667218018
"12.07.15","P14","CL","CL1",102,"CrystalQuartz","","Core>2flakescars","1-9%","","CompCore","Bipolar","","","SphericalOrCubic","","RiceGrainCore","","NoFH","270-360",5,NA,7.73,3.31,2.2,0.07,"","Yes","",99.7486,0.0501260168062509
"12.07.15","P14","CL","CL1",103,"VeinQuartz","","Core>2flakescars","1-9%","","CoreFrag","Bipolar","","","SphericalOrCubic","","RiceGrainCore","","NoFH","180-270",7,NA,7.56,3.06,2.12,0.06,"chilled","No","",91.296,0.0766736768314055
"12.07.15","P14","CL","CL1",104,"CrystalQuartz","","Core>2flakescars","41-60%","","CompCore","Bipolar","","","SphericalOrCubic","","RiceGrainCore","","NoFH","180-270",4,NA,9.08,3.33,2.44,0.08,"only non flaked is cortical","Yes","",121.0336,0.0330486740871956
"12.07.15","P14","CL","CL1",105,"VeinQuartz","","Core>2flakescars","0%","","CompCore","Bipolar","","","SphericalOrCubic","","RiceGrainCore","","NoFH","270-360",7,NA,8.9,3.25,1.74,0.07,"","Yes","",100.132,0.0699077218072145
"12.07.15","P14","CL","CL1",106,"CrystalQuartz","","Core>2flakescars","0%","","CoreFrag","Bipolar","","","SphericalOrCubic","","RiceGrainCore","","NoFH","180-270",7,NA,7.96,3.84,2.52,0.08,"chilled","Yes","",120.6048,0.0580408076627133
"12.07.15","P14","CL","CL1",107,"CrystalQuartz","","Core>2flakescars","0%","","CompCore","Bipolar","","","NotSphericalFlat","","FlatBladeletCore","","NoFH","270-360",5,NA,4.7,4.35,2.7,0.09,"","Yes","",89.76,0.0557040998217469
"12.07.15","P14","CL","CL1",108,"VeinQuartz","","Core>2flakescars","0%","","CompCore","Bipolar","","","NotSphericalFlat","","FlatBladeletCore","","NoFH","270-360",7,NA,5.73,5.6,2.12,0.07,"two directions of bp flaking","Yes","",112.2152,0.0623801410147645
"12.07.15","P14","CL","CL1",109,"VeinQuartz","","Core>2flakescars","0%","","CoreFrag","Bipolar","","","SphericalOrCubic","","RiceGrainCore","","NoFH","270-360",6,NA,7.51,4.65,2.88,0.09,"","Yes","",139.8846,0.0428924985309319
"12.07.15","P14","CL","CL1",110,"CrystalQuartz","","Core>2flakescars","1-9%","","CompCore","Bipolar","","","SphericalOrCubic","","CoreReducedPiece","","NoFH","270-360",6,NA,9.18,7.7,4.37,0.3,"","No","",288.9032,0.0207682019444575
"12.07.15","P14","CL","CL1",111,"Chalcedony","","Core>2flakescars","41-60%","","CompCore","Bipolar","","","NotSphericalFlat","","FlatBladeletCore","","NoFH","180-270",6,NA,8.81,6.98,2.66,0.19,"non flaked is cortical","Yes","",206.9904,0.0289868515641305
"12.07.15","P14","CL","CL1",112,"VeinQuartz","","Core>2flakescars","1-9%","","CoreFrag","Bipolar","","","SphericalOrCubic","","FlatBladeletCore","","NoFH","180-270",6,NA,11.07,7.1,2.86,0.21,"chilled","No","",261.1264,0.022977378005441
"12.07.15","P14","CL","CL1",113,"VeinQuartz","","Core>2flakescars","0%","","CompCore","Bipolar","","","NotSphericalFlat","","FlatBladeletCore","","NoFH","270-360",4,NA,10.8,8.65,3.53,0.35,"hollow base suggestive of resting on a feature during bp","Yes","",324.157,0.0123396995900135
"12.07.15","P14","CL","CL1",114,"CrystalQuartz","","Core>2flakescars","11-40%","","CompCore","Bipolar","","","SphericalOrCubic","","RiceGrainCore","","NoFH","270-360",7,NA,6.8,2.49,2.46,0.05,"","Yes","",79.5708,0.0879719696169952
"12.07.15","P14","CL","CL1",115,"CrystalQuartz","","Core>2flakescars","0%","","CompCore","Bipolar","","","NotSphericalFlat","","CoreReducedPiece","","NoFH","270-360",4,NA,8.64,6.12,2.12,0.1,"","No","",168.336,0.023761999809904
"12.07.15","P14","CL","CL1",116,"VeinQuartz","","Core>2flakescars","11-40%","","CompCore","Bipolar","","","SphericalOrCubic","","RiceGrainCore","","NoFH","180-270",7,NA,9.16,4,3.5,0.19,"","No","",165.4,0.0423216444981862
"12.07.15","P14","CL","CL1",117,"CrystalQuartz","","Core>2flakescars","0%","","CompCore","Bipolar","","","SphericalOrCubic","","RiceGrainCore","","NoFH","270-360",6,NA,7.62,3.86,2.54,0.09,"","Yes","",117.1448,0.0512186627148623
"12.07.15","P14","CL","CL1",118,"CrystalQuartz","","Core>2flakescars","0%","","CompCore","Bipolar","","","SphericalOrCubic","","RiceGrainCore","","NoFH","270-360",5,NA,8.68,5.15,3.71,0.14,"possile signs of use at distal and lateral edges","Yes","",192.0226,0.0260386017062575
"12.07.15","P14","CL","CL1",119,"CrystalQuartz","","Core>2flakescars","0%","","CoreFrag","Bipolar","","","SphericalOrCubic","","RiceGrainCore","","NoFH","180-270",7,NA,7.74,4.97,2.09,0.07,"chilled","Yes","",130.0634,0.0538199062918546
"12.07.15","P14","CL","CL1",120,"FineChert","","Core>2flakescars","0%","","CompCore","Bipolar","","","NotSphericalFlat","","FlatBladeletCore","","NoFH","270-360",3,NA,7.5,5.93,1.9,0.12,"great eg of non quartz bp flat core","Yes","",139.984,0.0214310206880786
"12.08.15","P14","CL","CL1",155,"VeinQuartz","","Core>2flakescars","0%","","CompCore","Bipolar","","","SphericalOrCubic","","RiceGrainCore","","NoFH","270-360",7,NA,11.87,5.68,4.24,0.37,"","Yes","",283.6672,0.0246768043679354
"12.11.15","P14","CL","CL1",307,"Chalcedony","","Core>2flakescars","0%","","CoreFrag","Bipolar","","","SphericalOrCubic","","RiceGrainCore","","NoFH","180-270",5,NA,11.72,5.86,4.35,0.32,"chilled","No","",290.3044,0.0172233007835913
"12.11.15","P14","CL","CL1",308,"CrystalQuartz","","Core>2flakescars","1-9%","","CompCore","Bipolar","","","SphericalOrCubic","","CoreReducedPiece","","NoFH","270-360",7,NA,11.56,5.82,4.75,0.32,"","No","",299.6684,0.0233591529837647
"12.11.15","P14","CL","CL1",309,"CrystalQuartz","","Core>2flakescars","11-40%","","CoreFrag","Bipolar","","","NotSphericalFlat","","RiceGrainCore","","NoFH","90-180",7,NA,9.38,4.32,2.43,0.11,"chilled","No","",147.6252,0.0474173786047368
"12.04.15","P14","CL","CL1",506,"CrystalQuartz","","Core>2flakescars","11-40%","Outcrop","CoreFrag","Bipolar","1","None","NotSphericalFlat","BladeBladelet","CoreReducedPiece","Bipolar","NoFH","180-270",NA,NA,17.19,9.88,7.17,0.98,"chilled core","Yes","AF11",727.8582,NA
"12.04.15","P14","CL","CL1",88,"VeinQuartz","","Core>2flakescars","0%","","CompCore","Bipolar","","","NotSphericalFlat","","FlatBladeletCore","","NoFH","270-360",3,NA,10.4,5.81,2.18,0.15,"","Yes","AF11",191.5236,0.0156638659674317
"12.04.15","P14","CL","CL1",90,"CrystalQuartz","","Core>2flakescars","1-9%","","CoreFrag","Bipolar","","","NotSphericalFlat","","FlatBladeletCore","","NoFH","270-360",0,NA,8.51,4.98,2,0.16,"","Yes","AF11",138.7196,0
"12.04.15","P14","CL","CL1",91,"VeinQuartz","","Core>2flakescars","0%","","CompCore","Bipolar","","","NotSphericalFlat","","FlatBladeletCore","","NoFH","270-360",4,NA,8.4,6.36,3.52,0.15,"","Yes","AF11",210.7584,0.0189790774650026
"12.07.15","P14/Q14","CL","CL1",515,"VeinQuartz","","Core>2flakescars","11-40%","Outcrop","CompCore","Bipolar","3","None","SphericalOrCubic","BladeBladelet","RiceGrainCore","Bipolar","NoFH","270-360",NA,NA,16.16,7.73,5.28,0.75,"large rice grain","Yes","AF2",502.112,NA
"12.07.15","P14/Q14","CL","CL1",516,"Sandstone","","Core>2flakescars","1-9%","Outcrop","CompCore","Bipolar","4","None","NotSphericalFlat","BladeBladelet","FlatBladeletCore","Bipolar","NoFH","270-360",NA,NA,21.1,8.95,4.81,1.11,"good eg of sandstone with flat bp tech","Yes","AF2",666.771,NA
"12.07.15","P14/Q14","CL","CL1",517,"FineChert","","Core>2flakescars","1-9%","Outcrop","CompCore","Bipolar","3","None","NotSphericalFlat","BladeBladelet","FlatBladeletCore","Bipolar","NoFH","270-360",NA,NA,13.27,7.18,5.5,0.44,"good eg of chert and flat bp tech","Yes","AF2",415.5072,NA
"12.07.15","P14/Q14","CL","CL1",518,"FineChert","","Core>2flakescars","0%","Outcrop","CompCore","Bipolar","3","None","SphericalOrCubic","BladeBladelet","RiceGrainCore","Bipolar","NoFH","270-360",NA,NA,22.21,5.43,6.19,0.76,"good eg of chert and flat bp tech","Yes","AF2",583.3838,NA
"12.11.15","P14/Q14","CL","CL1",604,"FineChert","","Core>2flakescars","0%","","CompCore","Bipolar","1","None","NotSphericalFlat","BladeBladelet","FlatBladeletCore","Bipolar","NoFH","270-360",NA,NA,14.96,13,3.18,0.8,"","Yes","AF2",566.7856,NA
"12.07.15","P14/Q14","CL","CL1",121,"VeinQuartz","","Core>2flakescars","0%","","CompCore","Bipolar","","","NotSphericalFlat","","FlatBladeletCore","","NoFH","270-360",7,NA,7.41,4.92,1.79,0.08,"","Yes","AF2",117.0558,0.0598005395717256
"12.07.15","P14/Q14","CL","CL1",122,"VeinQuartz","","Core>2flakescars","0%","","CompCore","Bipolar","","","NotSphericalFlat","","CoreReducedPiece","","NoFH","270-360",5,NA,7.62,5.87,2.72,0.11,"","Yes","AF2",162.8444,0.0307041568515712
"12.07.15","P14/Q14","CL","CL1",123,"CrystalQuartz","","Core>2flakescars","0%","","CoreFrag","Bipolar","","","NotSphericalFlat","","FlatBladeletCore","","NoFH","270-360",4,NA,6.86,4.5,2.01,0.08,"","No","AF2",107.4072,0.0372414512248713
"12.07.15","P14","CL","CL1",519,"FineChert","","Core>2flakescars","11-40%","Outcrop","CompCore","Bipolar","2","None","NotSphericalFlat","BladeBladelet","FlatBladeletCore","Bipolar","NoFH","270-360",NA,NA,34.12,16.04,8.73,4.78,"shows early stage bp and chert bp, found in chunks bag","Yes","AF7",1970.3632,NA
"12.07.15","P14","CL","CL1",520,"CrystalQuartz","","Core>2flakescars","11-40%","Outcrop","CoreFrag","Bipolar","2","None","NotSphericalFlat","BladeBladelet","FlatBladeletCore","Bipolar","NoFH","180-270",NA,NA,11.06,10.61,4.38,0.54,"showing same distal hollow suggestive of resting on object during bp","Yes","AF7",424.5224,NA
"12.07.15","P14","CL","CL1",124,"VeinQuartz","","Core>2flakescars","41-60%","","CompCore","Bipolar","","","SphericalOrCubic","","RiceGrainCore","","NoFH","180-270",5,NA,12.07,5.68,4.35,0.26,"non flaked are cortical","No","AF7",291.5402,0.0171502935101231
"12.07.15","P14","CL","CL1",125,"CrystalQuartz","","Core>2flakescars","41-60%","","CompCore","Bipolar","","","SphericalOrCubic","","RiceGrainCore","","NoFH","180-270",5,NA,13.24,5.37,3.43,0.28,"evidence for bp redirection, plus cortex and bp","Yes","AF7",269.8622,0.0185279746478017
"12.07.15","P14","CL","CL1",125,"VeinQuartz","","Core>2flakescars","0%","","CompCore","Bipolar","","","NotSphericalFlat","","FlatBladeletCore","","NoFH","270-360",4,NA,6.53,3.65,2.44,0.08,"","Yes","AF7",97.3474,0.0410899520685709
"12.07.15","P14","CL","CL1",126,"VeinQuartz","","Core>2flakescars","11-40%","","CompCore","Bipolar","","","NotSphericalFlat","","FlatBladeletCore","","NoFH","270-360",5,NA,5.44,3.65,2.34,0.07,"","Yes","AF7",82.2532,0.0607879085555334
"12.07.15","P14","CL","CL1",127,"FineChert","","Core>2flakescars","0%","","CompCore","Bipolar","","","NotSphericalFlat","","FlatBladeletCore","","NoFH","270-360",5,NA,9.06,5.59,2.53,0.15,"great ccs flat bp core","Yes","AF7",175.4198,0.028503053817186
"12.07.15","P14","CL","CL1",128,"VeinQuartz","","Core>2flakescars","0%","","CompCore","Bipolar","","","SphericalOrCubic","","RiceGrainCore","","NoFH","270-360",10,NA,9.53,3.38,2.76,0.1,"","No","AF7",135.686,0.0736995710684964
"12.07.15","P14","CL","CL1",129,"VeinQuartz","","Core>2flakescars","1-9%","","CoreFrag","Bipolar","","","SphericalOrCubic","","RiceGrainCore","","NoFH","270-360",4,NA,7.88,4.04,2.09,0.11,"chilled","No","AF7",113.496,0.035243532811729
"12.07.15","P14","CL","CL1",130,"CrystalQuartz","","Core>2flakescars","0%","","CompCore","Bipolar","","","SphericalOrCubic","","CoreReducedPiece","","NoFH","270-360",4,NA,8.83,5.69,3.36,0.16,"","Yes","AF7",198.0598,0.0201959206259928
"12.07.15","P14","CL","CL1",131,"VeinQuartz","","Core>2flakescars","0%","","CompCore","Bipolar","","","NotSphericalFlat","","FlatBladeletCore","","NoFH","270-360",7,NA,6.12,5.36,2.15,0.07,"","Yes","AF7",114.9704,0.0608852365478419
"12.07.15","P14","CL","CL1",132,"CrystalQuartz","","Core>2flakescars","0%","","CoreFrag","Bipolar","","","SphericalOrCubic","","RiceGrainCore","","NoFH","270-360",6,NA,6.61,3.54,3.33,0.07,"chilled","No","AF7",114.3978,0.0524485610737269
"12.07.15","P14","CL","CL1",133,"VeinQuartz","","Core>2flakescars","11-40%","","CompCore","Bipolar","","","NotSphericalFlat","","FlatBladeletCore","","NoFH","180-270",4,NA,6.28,5.48,2.23,0.09,"","No","AF7",121.2784,0.0329819654612858
"12.07.15","P14","CL","CL1",134,"VeinQuartz","","Core>2flakescars","11-40%","","CompCore","Bipolar","","","SphericalOrCubic","","RiceGrainCore","","NoFH","180-270",4,NA,8.67,4.29,2.69,0.14,"","No","AF7",144.1134,0.027755919990785
"12.07.15","P14","CL","CL1",135,"VeinQuartz","","Core>2flakescars","0%","","CompCore","Bipolar","","","SphericalOrCubic","","RiceGrainCore","","NoFH","270-360",4,NA,7.84,3.74,5.08,0.06,"","No","AF7",176.296,0.0226891137632164
"12.07.15","P14","CL","CL1",136,"CrystalQuartz","","Core>2flakescars","0%","","CoreFrag","Bipolar","","","NotSphericalFlat","","FlatBladeletCore","","NoFH","270-360",5,NA,5.54,4,1.99,0.05,"","No","AF7",82.2892,0.0607613149720741
"12.07.15","P14","CL","CL1",137,"VeinQuartz","","Core>2flakescars","0%","","CompCore","Bipolar","","","SphericalOrCubic","","RiceGrainCore","","NoFH","270-360",5,NA,8.47,2.99,2.65,0.07,"signs of use on lateral","Yes","AF7",111.3886,0.0448878969661168
"12.07.15","P14","CL","CL1",138,"VeinQuartz","","Core>2flakescars","1-9%","","CompCore","Bipolar","","","NotSphericalFlat","","FlatBladeletCore","","NoFH","270-360",4,NA,9.77,6.67,3.2,0.21,"","No","AF7",235.5478,0.0169816911896439
"12.07.15","P14","CL","CL1",139,"VeinQuartz","","Core>2flakescars","0%","","CompCore","Bipolar","","","SphericalOrCubic","","RiceGrainCore","","NoFH","270-360",6,NA,7.16,3.11,2.33,0.04,"","Yes","AF7",92.3934,0.0649397034853139
"12.07.15","P14","CL","CL1",140,"CrystalQuartz","","Core>2flakescars","0%","","CompCore","Bipolar","","","SphericalOrCubic","","CoreReducedPiece","","NoFH","270-360",5,NA,8.83,6.07,3.47,0.2,"","No","AF7",210.6022,0.023741442397088
"12.07.15","P14","CL","CL1",141,"VeinQuartz","","Core>2flakescars","0%","","CompCore","Bipolar","","","SphericalOrCubic","","RiceGrainCore","","NoFH","270-360",6,NA,9.55,2.97,2,0.06,"","No","AF7",106.807,0.0561760933272164
"12.08.15","P14","CL","CL1",154,"FineChert","","Core>2flakescars","0%","","CompCore","Bipolar","","","SphericalOrCubic","","RiceGrainCore","","NoFH","270-360",8,NA,13.35,6.64,3.77,0.31,"gret ccs rice grain","Yes","AF7",328.0126,0.0243893069961337
"12.07.15","P14","CL","CL1",524,"VeinQuartz","","Core>2flakescars","1-9%","Outcrop","CompCore","Bipolar","3","None","SphericalOrCubic","BladeBladelet","RiceGrainCore","Bipolar","NoFH","270-360",NA,NA,22.56,9.11,7.02,1.67,"large rice grain","Yes","lower",855.69,NA
"12.07.15","P14","CL","CL1",525,"VeinQuartz","","Core>2flakescars","0%","","CompCore","Bipolar","4","None","SphericalOrCubic","BladeBladelet","RiceGrainCore","Bipolar","NoFH","270-360",NA,NA,13.02,6.5,5.13,0.65,"","Yes","lower",369.5352,NA
"12.07.15","P14","CL","CL1",526,"VeinQuartz","","Core>2flakescars","11-40%","Outcrop","CompCore","Bipolar","2","None","NotSphericalFlat","BladeBladelet","CoreReducedPiece","Bipolar","NoFH","180-270",NA,NA,24.07,14.42,6.81,2,"","No","lower",1218.4126,NA
"12.07.15","P14","CL","CL1",528,"CrystalQuartz","","Core>2flakescars","41-60%","Outcrop","CompCore","Bipolar","2","None","SphericalOrCubic","BladeBladelet","RiceGrainCore","Bipolar","NoFH","180-270",NA,NA,15.8,7.25,3.8,0.38,"","No","lower",404.28,NA
"12.07.15","P14","CL","CL1",529,"VeinQuartz","","Core>2flakescars","0%","","CompCore","Bipolar","2","None","SphericalOrCubic","BladeBladelet","FlatBladeletCore","Bipolar","NoFH","270-360",NA,NA,12.04,5.7,3.8,0.27,"","Yes","lower",272.08,NA
"12.08.15","P14","CL","CL1",530,"FineChert","","Core>2flakescars","41-60%","Outcrop","CompCore","Bipolar","2","None","SphericalOrCubic","Flake","Irregularcore","Bipolar","NoFH","90-180",NA,NA,32.31,21.21,25.83,16.05,"not a very succesfull fh core,face 1=2 axis of platform reduction, neither very successful","Yes","lower",4135.4334,NA
"12.07.15","P14","CL","CL1",142,"CrystalQuartz","","Core>2flakescars","0%","","CompCore","Bipolar","","","NotSphericalFlat","","FlatBladeletCore","","NoFH","270-360",3,NA,9.34,4.92,2.04,0.11,"","Yes","lower",150.0864,0.0199884866317001
"12.07.15","P14","CL","CL1",143,"CrystalQuartz","","Core>2flakescars","1-9%","","CoreFrag","Bipolar","","","NotSphericalFlat","","FlatBladeletCore","","NoFH","270-360",7,NA,7.06,6.64,1.86,0.11,"","No","lower",144.7208,0.0483689974074217
"12.07.15","P14","CL","CL1",144,"VeinQuartz","","Core>2flakescars","0%","","CompCore","Bipolar","","","SphericalOrCubic","","RiceGrainCore","","NoFH","270-360",5,NA,10.19,5.95,3.09,0.2,"","No","lower",221.0062,0.0226237996943072
"12.07.15","P14","CL","CL1",145,"CrystalQuartz","","Core>2flakescars","11-40%","","CompCore","Bipolar","","","NotSphericalFlat","","CoreReducedPiece","","NoFH","180-270",7,NA,9.17,9.07,2.25,0.23,"almost a pe, but clear scars moving over 50 % of face","Yes","lower",248.4238,0.0281776544759399
"12.07.15","P14","CL","CL1",146,"VeinQuartz","","Core>2flakescars","1-9%","","CompCore","Bipolar","","","NotSphericalFlat","","FlatBladeletCore","","NoFH","270-360",5,NA,9,6.22,1.99,0.12,"","No","lower",172.5356,0.0289795265440871
"12.07.15","P14","CL","CL1",147,"VeinQuartz","","Core>2flakescars","1-9%","","CompCore","Bipolar","","","NotSphericalFlat","","CoreReducedPiece","","NoFH","270-360",5,NA,10.71,8.02,3.3,0.28,"","No","lower",295.4064,0.0169258350529982
"12.07.15","P14","CL","CL1",148,"VeinQuartz","","Core>2flakescars","1-9%","","CompCore","Bipolar","","","NotSphericalFlat","","CoreReducedPiece","","NoFH","270-360",5,NA,8.53,7.43,2.99,0.18,"","No","lower",222.1966,0.0225025945491515
"12.07.15","P14","CL","CL1",149,"CrystalQuartz","","Core>2flakescars","0%","","CompCore","Bipolar","","","NotSphericalFlat","","FlatBladeletCore","","NoFH","270-360",4,NA,6.5,4.8,2.43,0.08,"","Yes","lower",117.318,0.0340953647351643
"12.07.15","P14","CL","CL1",150,"CrystalQuartz","","Core>2flakescars","0%","","CompCore","Bipolar","","","NotSphericalFlat","","FlatBladeletCore","","NoFH","270-360",7,NA,7.19,5.34,1.93,0.08,"","Yes","lower",125.155,0.0559306459989613
"12.07.15","P14","CL","CL1",151,"VeinQuartz","","Core>2flakescars","0%","","CoreFrag","Bipolar","","","SphericalOrCubic","","RiceGrainCore","","NoFH","180-270",8,NA,10.51,5.31,3.38,0.19,"chilled","Yes","lower",218.5594,0.0366033215684157
"12.07.15","P14","CL","CL1",152,"VeinQuartz","","Core>2flakescars","0%","","CompCore","Bipolar","","","SphericalOrCubic","","RiceGrainCore","","NoFH","270-360",5,NA,9.26,4.06,1.9,0.08,"","Yes","lower",125.8072,0.0397433533215905
"12.07.15","P14","CL","CL1",153,"FineChert","","Core>2flakescars","0%","","CompCore","Bipolar","","","SphericalOrCubic","","RiceGrainCore","","NoFH","270-360",6,NA,7.98,3.9,1.98,0.09,"gret ccs rice grain","Yes","lower",109.2888,0.0549004106550717
"12.08.15","P14","CL","CL2",541,"FineChert","","Core>2flakescars","11-40%","Outcrop","CoreFrag","Bipolar","2","None","SphericalOrCubic","BladeBladelet","RiceGrainCore","Bipolar","NoFH","180-270",NA,NA,18.48,8.37,6.89,1.14,"chilled","Yes","",679.3482,NA
"12.08.15","P14","CL","CL2",542,"Chalcedony","","Core>2flakescars","0%","","CoreFrag","Bipolar","1","None","SphericalOrCubic","BladeBladelet","CoreReducedPiece","Bipolar","NoFH","180-270",NA,NA,15.27,13.76,7.17,1.52,"chilled","No","",836.5206,NA
"12.08.15","P14","CL","CL2",543,"Quartzite","","Core>2flakescars","41-60%","Outcrop","CompCore","Bipolar","2","None","Flake","BladeBladelet","CoreReducedPiece","Bipolar","NoFH","180-270",NA,NA,16.99,10.7,4.64,0.79,"only non flaked is cortical","Yes","",620.5492,NA
"12.08.15","P14","CL","CL2",544,"VeinQuartz","","Core>2flakescars","0%","","CompCore","Bipolar","2","None","NotSphericalFlat","BladeBladelet","CoreReducedPiece","Bipolar","NoFH","270-360",NA,NA,15.05,9.96,5.83,0.89,"","No","",591.4126,NA
"12.08.15","P14","CL","CL2",545,"CrystalQuartz","","Core>2flakescars","0%","","CompCore","Bipolar","2","None","NotSphericalFlat","BladeBladelet","FlatBladeletCore","Bipolar","NoFH","270-360",NA,NA,11.56,8.55,5.28,0.45,"","Yes","",410.0376,NA
"12.08.15","P14","CL","CL2",546,"VeinQuartz","","Core>2flakescars","0%","","CompCore","Bipolar","2","None","NotSphericalFlat","BladeBladelet","FlatBladeletCore","Bipolar","NoFH","270-360",NA,NA,10.01,6.51,4.18,0.26,"","No","",268.4374,NA
"12.08.15","P14","CL","CL2",162,"CrystalQuartz","","Core>2flakescars","1-9%","","CompCore","Bipolar","","","SphericalOrCubic","","RiceGrainCore","","NoFH","270-360",6,NA,11.15,3.74,2.08,0.08,"splinter like bladelet core","Yes","",145.3444,0.0412812602343124
"12.08.15","P14","CL","CL2",163,"CrystalQuartz","","Core>2flakescars","11-40%","","CompCore","Bipolar","","","SphericalOrCubic","","CoreReducedPiece","","NoFH","180-270",6,NA,11.78,3.01,2.49,0.12,"splinter like bladelet core","Yes","",144.5698,0.0415024438022326
"12.08.15","P14","CL","CL2",164,"Chalcedony","","Core>2flakescars","11-40%","","CompCore","Bipolar","","","SphericalOrCubic","","RiceGrainCore","","NoFH","270-360",4,NA,9.97,5.18,5.33,0.21,"ccs and bp","Yes","",264.7882,0.0151064133522566
"12.08.15","P14","CL","CL2",165,"CrystalQuartz","","Core>2flakescars","11-40%","","CompCore","Bipolar","","","SphericalOrCubic","","RiceGrainCore","","NoFH","180-270",5,NA,7.68,3.69,2.6,0.09,"","No","",115.8024,0.0431769980587622
"12.08.15","P14","CL","CL2",166,"CrystalQuartz","","Core>2flakescars","0%","","CoreFrag","Bipolar","","","SphericalOrCubic","","RiceGrainCore","","NoFH","180-270",4,NA,0,4.03,2.23,0.09,"chilled","No","",17.9738,0.222546150507962
"12.08.15","P14","CL","CL2",167,"FineChert","","Core>2flakescars","1-9%","","CompCore","Bipolar","","","SphericalOrCubic","","RiceGrainCore","","NoFH","270-360",4,NA,7.49,3.78,3.27,0.08,"good eg of ccs and bipolar","Yes","",130.3302,0.0306912749309063
"12.08.15","P14","CL","CL2",168,"CrystalQuartz","","Core>2flakescars","0%","","CompCore","Bipolar","","","SphericalOrCubic","","RiceGrainCore","","NoFH","270-360",4,NA,7.79,4.3,3.34,0.11,"","No","",147.7552,0.0270718052562617
"12.08.15","P14","CL","CL2",169,"CrystalQuartz","","Core>2flakescars","11-40%","","CompCore","Bipolar","","","NotSphericalFlat","","FlatBladeletCore","","NoFH","180-270",6,NA,7.51,4.53,2.72,0.1,"","No","",133.5382,0.0449309635744678
"12.08.15","P14","CL","CL2",170,"CrystalQuartz","","Core>2flakescars","11-40%","","CompCore","Bipolar","","","SphericalOrCubic","","RiceGrainCore","","NoFH","180-270",4,NA,10.11,4.11,3.08,0.16,"good eg of crystal cortex","Yes","",170.6994,0.0234330056227497
"12.08.15","P14","CL","CL2",171,"CrystalQuartz","","Core>2flakescars","1-9%","","CompCore","Bipolar","","","SphericalOrCubic","","RiceGrainCore","","NoFH","180-270",5,NA,7.54,4.34,2.94,0.11,"","No","",135.3016,0.0369544779958256
"12.08.15","P14","CL","CL2",172,"VeinQuartz","","Core>2flakescars","0%","","CoreFrag","Bipolar","","","SphericalOrCubic","","RiceGrainCore","","NoFH","180-270",3,NA,6.93,3.9,2.71,0.07,"","No","",112.7526,0.0266069252505042
"12.08.15","P14","CL","CL2",173,"VeinQuartz","","Core>2flakescars","0%","","CoreFrag","Bipolar","","","SphericalOrCubic","","RiceGrainCore","","NoFH","180-270",4,NA,8.55,4.09,2.77,0.1,"chilled","No","",139.9646,0.0285786548884504
"12.08.15","P14","CL","CL2",174,"CrystalQuartz","","Core>2flakescars","1-9%","","CompCore","Bipolar","","","SphericalOrCubic","","RiceGrainCore","","NoFH","270-360",3,NA,7.56,3.6,2.86,0.09,"","Yes","",118.2672,0.0253662892162831
"12.08.15","P14","CL","CL2",175,"CrystalQuartz","","Core>2flakescars","11-40%","","CompCore","Bipolar","","","SphericalOrCubic","","RiceGrainCore","","NoFH","180-270",7,NA,8.81,4.66,3.37,0.12,"","No","",172.897,0.040486532444172
"12.08.15","P14","CL","CL2",176,"CrystalQuartz","","Core>2flakescars","1-9%","","CompCore","Bipolar","","","SphericalOrCubic","","RiceGrainCore","","NoFH","270-360",3,NA,9.47,4.67,2.1,0.1,"Possible evidence for use at tip","Yes","",147.8378,0.0202925097640793
"12.08.15","P14","CL","CL2",177,"VeinQuartz","","Core>2flakescars","0%","","CompCore","Bipolar","","","SphericalOrCubic","","RiceGrainCore","","NoFH","270-360",6,NA,6.3,3.73,2.28,0.06,"","No","",92.7348,0.064700630184138
"12.08.15","P14","CL","CL2",178,"CrystalQuartz","","Core>2flakescars","0%","","CompCore","Bipolar","","","NotSphericalFlat","","CoreReducedPiece","","NoFH","270-360",5,NA,6.31,4.44,2.56,0.06,"","No","",111.0728,0.0450155213517621
"12.08.15","P14","CL","CL2",179,"CrystalQuartz","","Core>2flakescars","0%","","CompCore","Bipolar","","","NotSphericalFlat","","CoreReducedPiece","","NoFH","270-360",4,NA,7.46,5.44,2.29,0.08,"","No","",140.2468,0.0285211498586777
"12.08.15","P14","CL","CL2",180,"VeinQuartz","","Core>2flakescars","0%","","CompCore","Bipolar","","","NotSphericalFlat","","FlatBladeletCore","","NoFH","270-360",4,NA,7.86,6.03,2.5,0.13,"","Yes","",164.2416,0.0243543657636068
"12.08.15","P14","CL","CL2",181,"CrystalQuartz","","Core>2flakescars","0%","","CompCore","Bipolar","","","NotSphericalFlat","","FlatBladeletCore","","NoFH","270-360",7,NA,8.58,7.63,1.64,0.14,"very flat core, also PE use","Yes","",184.0996,0.0380228963017845
"12.08.15","P14","CL","CL2",182,"CrystalQuartz","","Core>2flakescars","0%","","CompCore","Bipolar","","","NotSphericalFlat","","FlatBladeletCore","","NoFH","270-360",6,NA,7.17,7.39,2.17,0.14,"","No","",169.163,0.0354687490763347
"12.08.15","P14","CL","CL2",183,"VeinQuartz","","Core>2flakescars","0%","","CoreFrag","Bipolar","","","SphericalOrCubic","","RiceGrainCore","","NoFH","180-270",6,NA,8.49,4.26,2.53,0.07,"chilled","No","",136.8498,0.0438436884818246
"12.08.15","P14","CL","CL2",184,"CrystalQuartz","","Core>2flakescars","0%","","CompCore","Bipolar","","","SphericalOrCubic","","RiceGrainCore","","NoFH","270-360",5,NA,7.48,3.28,2.6,0.06,"","No","",105.0208,0.047609616380755
"12.08.15","P14","CL","CL2",185,"CrystalQuartz","","Core>2flakescars","0%","","CompCore","Bipolar","","","SphericalOrCubic","","RiceGrainCore","","NoFH","270-360",4,NA,9.79,4.14,2.54,0.1,"","No","",151.8256,0.02634601806283
"12.08.15","P14","CL","CL2",186,"CrystalQuartz","","Core>2flakescars","0%","","CompCore","Bipolar","","","SphericalOrCubic","","RiceGrainCore","","NoFH","180-270",8,NA,12.13,3.78,2.63,0.15,"","No","",175.3894,0.045612790738779
"12.08.15","P14","CL","CL2",187,"Chalcedony","","Core>2flakescars","1-9%","","CompCore","Inde","","","SphericalOrCubic","","Preparedcore","","indeterminate","270-360",5,NA,6.53,5.4,2.84,0.11,"possibly a tiny prepared core, but hard to believe, lower surface seems geared to exploiting upper","Yes","",138.2864,0.0361568455032454
"12.09.15","P14","CL","CL2",204,"Chalcedony","","Core>2flakescars","11-40%","","CompCore","Bipolar","","","SphericalOrCubic","","RiceGrainCore","","NoFH","270-360",0,NA,10.71,5.33,3.4,0.22,"","No","",223.2406,0
"12.09.15","P14","CL","CL2",205,"CrystalQuartz","","Core>2flakescars","1-9%","","CompCore","Bipolar","","","SphericalOrCubic","","RiceGrainCore","","NoFH","270-360",9,NA,9.05,4.18,3.15,0.13,"","No","",159.007,0.056601281704579
"12.09.15","P14","CL","CL2",206,"VeinQuartz","","Core>2flakescars","1-9%","","CompCore","Bipolar","","","SphericalOrCubic","","RiceGrainCore","","NoFH","270-360",5,NA,8.63,4.73,3.75,0.21,"","No","",181.8398,0.0274967306387271
"12.09.15","P14","CL","CL2",207,"CrystalQuartz","","Core>2flakescars","1-9%","","CompCore","Bipolar","","","SphericalOrCubic","","RiceGrainCore","","NoFH","270-360",4,NA,8.92,4.74,2.35,0.1,"","No","",148.7636,0.0268882979438519
"12.09.15","P14","CL","CL2",208,"CrystalQuartz","","Core>2flakescars","1-9%","","CompCore","Bipolar","","","NotSphericalFlat","","FlatBladeletCore","","NoFH","270-360",7,NA,6.76,4.48,1.94,0.09,"","Yes","",104.1808,0.0671908835409212
"12.09.15","P14","CL","CL2",209,"CrystalQuartz","","Core>2flakescars","0%","","CompCore","Bipolar","","","SphericalOrCubic","","RiceGrainCore","","NoFH","270-360",7,NA,9.61,5.01,3.35,0.16,"","No","",194.2462,0.0360367410018832
"12.08.15","P14","CL","CL2",550,"FineChert","","Core>2flakescars","11-40%","Outcrop","CoreFrag","Inde","3","None","SphericalOrCubic","BladeBladelet","RiceGrainCore","Bipolar","NoFH","180-270",NA,NA,16.41,7.29,6.75,1.23,"only non flaked is cortical","No","AF6",559.2078,NA
"12.08.15","P14","CL","CL2",551,"VeinQuartz","","Core>2flakescars","0%","Outcrop","CoreFrag","Inde","1","None","NotSphericalFlat","BladeBladelet","FlatBladeletCore","Bipolar","NoFH","180-270",NA,NA,15.69,6.1,3.77,0.31,"chilled","Yes","AF6",355.7146,NA
"12.08.15","P14","CL","CL2",188,"CrystalQuartz","","Core>2flakescars","41-60%","","CompCore","Bipolar","","","SphericalOrCubic","","RiceGrainCore","","NoFH","180-270",7,NA,7.26,5.29,3.73,0.15,"","No","AF6",170.4338,0.0410716653621523
"12.08.15","P14","CL","CL2",189,"HeterogenousChert","","Core>2flakescars","0%","","CoreFrag","Bipolar","","","SphericalOrCubic","","CoreReducedPiece","","NoFH","270-360",6,NA,10.49,7.34,4.79,0.4,"","No","AF6",324.8046,0.0184726447839717
"12.08.15","P14","CL","CL2",190,"HeterogenousChert","","Core>2flakescars","0%","","CoreFrag","Bipolar","","","SphericalOrCubic","","RiceGrainCore","","NoFH","270-360",4,NA,9.53,6.46,4.81,0.33,"proximal end","No","AF6",276.9514,0.0144429672498496
"12.08.15","P14","CL","CL2",191,"VeinQuartz","","Core>2flakescars","0%","","CompCore","Bipolar","","","SphericalOrCubic","","CoreReducedPiece","","NoFH","270-360",4,NA,10.25,8.95,5.95,0.45,"","No","AF6",411.955,0.00970979840031071
"12.08.15","P14","CL","CL2",192,"VeinQuartz","","Core>2flakescars","0%","","CompCore","Bipolar","","","NotSphericalFlat","","FlatBladeletCore","","NoFH","270-360",6,NA,6.67,4.21,2.43,0.08,"","No","AF6",109.0382,0.0550265870126249
"12.08.15","P14","CL","CL2",193,"VeinQuartz","","Core>2flakescars","0%","","CoreFrag","Bipolar","","","SphericalOrCubic","","RiceGrainCore","","NoFH","90-180",7,NA,7.76,4.23,2.65,0.11,"chilled","No","AF6",129.1966,0.0541809923790564
"12.08.15","P14","CL","CL2",194,"VeinQuartz","","Core>2flakescars","0%","","CoreFrag","Bipolar","","","SphericalOrCubic","","RiceGrainCore","","NoFH","270-360",4,NA,6.47,2.24,2.42,0.05,"mising part of prox or dist","Yes","AF6",71.142,0.0562255770149841
"12.08.15","P14","CL","CL2",195,"Chalcedony","","Core>2flakescars","1-9%","","CoreFrag","Bipolar","","","NotSphericalFlat","","FlatBladeletCore","","NoFH","180-270",5,NA,5.69,4.09,2.57,0.09,"","No","AF6",96.8134,0.0516457432545495
"12.11.15","P14","CL","CL2",310,"FineChert","","Core>2flakescars","0%","","CompCore","Bipolar","","","NotSphericalFlat","","FlatBladeletCore","","NoFH","270-360",5,NA,11.48,7.93,4.34,0.41,"","Yes","AF6",350.5516,0.0142632354266818
"12.11.15","P14","CL","CL2",311,"Chalcedony","","Core>2flakescars","41-60%","","CompCore","Bipolar","","","NotSphericalFlat","","CoreReducedPiece","","NoFH","180-270",6,NA,9.03,7.86,2.17,0.2,"only non flaked is cortical","Yes","AF6",215.2542,0.027874020576602
"12.08.15","P14","CL","CL2",552,"FineChert","","Core>2flakescars","0%","","CompCore","Inde","Indeterminate","None","NotSphericalFlat","Flake","CoreReducedPiece","Bipolar","NoFH","270-360",NA,NA,19.89,15.09,5.82,1.46,"used 1 face option because too complex to count faces on this guy","Yes","AF7",1007.4474,NA
"12.08.15","P14","CL","CL2",554,"FineChert","","Core>2flakescars","1-9%","Outcrop","CompCore","Freehand","Indeterminate","None","SphericalOrCubic","Flake","CoreReducedPiece","Bipolar","indeterminate","270-360",NA,NA,15.34,11.39,10.59,1.69,"","No","AF7",915.5866,NA
"12.08.15","P14","CL","CL2",196,"CrystalQuartz","","Core>2flakescars","0%","","CoreFrag","Bipolar","","","SphericalOrCubic","","RiceGrainCore","","NoFH","180-270",5,NA,9.39,3.81,2.7,0.12,"chilled","No","AF7",142.8318,0.035006210101672
"12.08.15","P14","CL","CL2",197,"CrystalQuartz","","Core>2flakescars","0%","","CoreFrag","Bipolar","","","NotSphericalFlat","","CoreReducedPiece","","NoFH","90-180",5,NA,5.87,6.1,2.43,0.1,"chilled","No","AF7",129.7882,0.0385243034420695
"12.08.15","P14","CL","CL2",198,"CrystalQuartz","","Core>2flakescars","1-9%","","CompCore","Bipolar","","","SphericalOrCubic","","CoreReducedPiece","","NoFH","270-360",5,NA,5.5,5.18,3.06,0.11,"","No","AF7",122.3416,0.0408691728733317
"12.08.15","P14","CL","CL2",199,"CrystalQuartz","","Core>2flakescars","1-9%","","CompCore","Bipolar","","","SphericalOrCubic","","RiceGrainCore","","NoFH","270-360",4,NA,7.2,3.3,3.51,0.12,"","Yes","AF7",121.23,0.0329951332178504
"12.08.15","P14","CL","CL2",200,"CrystalQuartz","","Core>2flakescars","0%","","CompCore","Bipolar","","","SphericalOrCubic","","CoreReducedPiece","","NoFH","270-360",5,NA,6.62,4.98,3.57,0.12,"","No","AF7",148.7592,0.0336113665574969
"12.08.15","P14","CL","CL2",201,"Chalcedony","","Core>2flakescars","0%","","CoreFrag","Bipolar","","","SphericalOrCubic","","RiceGrainCore","","NoFH","180-270",4,NA,8.27,4.58,2.44,0.11,"good eg of ccs and bp","Yes","AF7",138.4612,0.0288889595063455
"12.08.15","P14","CL","CL2",202,"CrystalQuartz","","Core>2flakescars","41-60%","","CompCore","Bipolar","","","NotSphericalFlat","","FlatBladeletCore","","NoFH","180-270",5,NA,5.55,4.54,3.08,0.1,"","No","AF7",112.5484,0.0444253316795263
"12.08.15","P14","CL","CL2",536,"Quartzite","","Core>2flakescars","11-40%","Cobble","CompCore","Inde","2","None","SphericalOrCubic","Indeterminate","CoreReducedPiece","Bipolar","NoFH","270-360",NA,NA,21.3,11.8,7.44,1.85,"","Yes","MOU",995.208,NA
"12.08.15","P14","CL","CL2",537,"VeinQuartz","","Core>2flakescars","0%","","CoreFrag","Inde","4","None","SphericalOrCubic","BladeBladelet","RiceGrainCore","Bipolar","NoFH","270-360",NA,NA,14.11,7.05,5.89,0.73,"","Yes","MOU",448.2158,NA
"12.08.15","P14","CL","CL2",156,"CrystalQuartz","","Core>2flakescars","0%","","CompCore","Bipolar","","","NotSphericalFlat","","FlatBladeletCore","","NoFH","270-360",7,NA,9.89,6.5,2.74,0.2,"","Yes","MOU",218.3872,0.0320531606247985
"12.08.15","P14","CL","CL2",157,"CrystalQuartz","","Core>2flakescars","0%","","CompCore","Bipolar","","","SphericalOrCubic","","RiceGrainCore","","NoFH","270-360",7,NA,7.96,3.95,2.49,0.08,"","Yes","MOU",122.1958,0.0572851112722368
"12.08.15","P14","CL","CL2",158,"CrystalQuartz","","Core>2flakescars","0%","","CompCore","Bipolar","","","SphericalOrCubic","","RiceGrainCore","","indeterminate","270-360",7,NA,7.41,4.48,3.07,0.12,"","Yes","MOU",139.3982,0.0502158564457791
"12.08.15","P14","CL","CL2",159,"CrystalQuartz","","Core>2flakescars","0%","","CoreFrag","Bipolar","","","SphericalOrCubic","","RiceGrainCore","","NoFH","90-180",7,NA,6.65,2.93,2.21,0.06,"chilled","Yes","MOU",81.3126,0.0860875190314908
"12.08.15","P14","CL","CL2",160,"CrystalQuartz","","Core>2flakescars","0%","","CompCore","Bipolar","","","NotSphericalFlat","","FlatBladeletCore","","NoFH","270-360",4,NA,5.13,4.48,2.33,0.05,"","Yes","MOU",90.7474,0.0440783978383954
"12.08.15","P14","CL","CL2",161,"CrystalQuartz","","Core>2flakescars","0%","","CompCore","Bipolar","","","NotSphericalFlat","","FlatBladeletCore","","NoFH","270-360",7,NA,7.31,7.37,3.55,0.18,"","No","MOU",211.9774,0.033022388235727
"12.10.15","P14","CL","CL3",576,"Chalcedony","","Core>2flakescars","0%","","CoreFrag","Bipolar","1","None","SphericalOrCubic","BladeBladelet","RiceGrainCore","Bipolar","NoFH","180-270",NA,NA,12.41,5.13,3.64,0.28,"chilled","Yes","",255.0178,NA
"12.10.15","P14","CL","CL3",577,"CrystalQuartz","","Core>2flakescars","1-9%","Outcrop","CompCore","Bipolar","Indeterminate","None","SphericalOrCubic","Flake","CoreReducedPiece","Bipolar","NoFH","270-360",NA,NA,11.52,8.9,3.94,0.39,"","No","",365.9656,NA
"12.10.15","P14","CL","CL3",578,"CrystalQuartz","","Core>2flakescars","0%","","CompCore","Bipolar","3","None","SphericalOrCubic","Flake","CoreReducedPiece","Bipolar","NoFH","270-360",NA,NA,13.02,7.59,4.13,0.48,"","Yes","",367.8822,NA
"12.10.15","P14","CL","CL3",579,"CrystalQuartz","","Core>2flakescars","1-9%","Outcrop","CompCore","Bipolar","Indeterminate","None","SphericalOrCubic","BladeBladelet","RiceGrainCore","Bipolar","NoFH","270-360",NA,NA,11.54,5.34,4.74,0.35,"shows signs of damage at tip","Yes","",283.2696,NA
"12.10.15","P14","CL","CL3",580,"Chalcedony","","Core>2flakescars","11-40%","Outcrop","CompCore","Bipolar","Indeterminate","None","SphericalOrCubic","BladeBladelet","RiceGrainCore","Bipolar","NoFH","270-360",NA,NA,13.48,5.42,5.52,0.33,"","No","",354.7792,NA
"12.11.15","P14","CL","CL3",600,"Chalcedony","","Core>2flakescars","0%","","CompCore","Bipolar","3","None","SphericalOrCubic","BladeBladelet","RiceGrainCore","Bipolar","AfterFH","270-360",NA,NA,13.82,9.11,6.51,0.95,"face 2 shows a pre FH flaking surface","Yes","",550.349,NA
"12.11.15","P14","CL","CL3",601,"VeinQuartz","","Core>2flakescars","11-40%","Outcrop","CompCore","Bipolar","2","None","SphericalOrCubic","BladeBladelet","CoreReducedPiece","Bipolar","NoFH","180-270",NA,NA,19.89,13.44,7.38,2.08,"","No","",1026.594,NA
"12.10.15","P14","CL","CL3",258,"VeinQuartz","","Core>2flakescars","0%","","CoreFrag","Bipolar","","","SphericalOrCubic","","RiceGrainCore","","NoFH","270-360",4,NA,10.01,4.71,3.51,0.16,"","No","",197.6286,0.0202399855081704
"12.10.15","P14","CL","CL3",259,"VeinQuartz","","Core>2flakescars","0%","","CompCore","Bipolar","","","SphericalOrCubic","","RiceGrainCore","","NoFH","270-360",6,NA,10.38,4.86,3.48,0.17,"","No","",206.964,0.0289905490809996
"12.10.15","P14","CL","CL3",260,"VeinQuartz","","Core>2flakescars","0%","","CompCore","Bipolar","","","NotSphericalFlat","","FlatBladeletCore","","NoFH","270-360",5,NA,10.77,6.29,3.21,0.2,"","No","",245.0118,0.0204071803888629
"12.10.15","P14","CL","CL3",261,"CrystalQuartz","","Core>2flakescars","0%","","CompCore","Bipolar","","","NotSphericalFlat","","CoreReducedPiece","","NoFH","270-360",6,NA,5,5.55,2.14,0.09,"","No","",100.654,0.0596101496214755
"12.10.15","P14","CL","CL3",262,"VeinQuartz","","Core>2flakescars","1-9%","","CompCore","Bipolar","","","SphericalOrCubic","","RiceGrainCore","","NoFH","270-360",6,NA,9.03,4.12,2.58,0.11,"","No","",142.2612,0.0421759411561269
"12.10.15","P14","CL","CL3",263,"CrystalQuartz","","Core>2flakescars","1-9%","","CompCore","Bipolar","","","SphericalOrCubic","","CoreReducedPiece","","NoFH","270-360",6,NA,6.94,4.35,7.16,0.28,"","No","",222.0508,0.0270208438789682
"12.10.15","P14","CL","CL3",264,"VeinQuartz","","Core>2flakescars","0%","","CompCore","Bipolar","","","NotSphericalFlat","","CoreReducedPiece","","NoFH","270-360",5,NA,8.58,4.77,2.43,0.1,"","No","",146.7342,0.0340752190014325
"12.10.15","P14","CL","CL3",265,"CrystalQuartz","","Core>2flakescars","0%","","CoreFrag","Bipolar","","","SphericalOrCubic","","RiceGrainCore","","NoFH","90-180",5,NA,6.95,3.37,2.3,0.06,"chilled","No","",94.315,0.0530138366113556
"12.10.15","P14","CL","CL3",266,"CrystalQuartz","","Core>2flakescars","0%","","CompCore","Bipolar","","","NotSphericalFlat","","FlatBladeletCore","","NoFH","270-360",4,NA,7.26,4.21,3.72,0.1,"","Yes","",146.466,0.0273100924446629
"12.10.15","P14","CL","CL3",267,"VeinQuartz","","Core>2flakescars","0%","","CoreFrag","Bipolar","","","SphericalOrCubic","","RiceGrainCore","","NoFH","270-360",5,NA,11.21,3.31,2.93,0.18,"","No","",159.2974,0.031387831816464
"12.10.15","P14","CL","CL3",268,"VeinQuartz","","Core>2flakescars","0%","","CompCore","Bipolar","","","SphericalOrCubic","","RiceGrainCore","","NoFH","270-360",4,NA,10.52,2.52,2.37,0.08,"","No","",114.8304,0.0348339812453845
"12.10.15","P14","CL","CL3",269,"VeinQuartz","","Core>2flakescars","0%","","CompCore","Bipolar","","","NotSphericalFlat","","FlatBladeletCore","","NoFH","270-360",5,NA,8.68,4.08,1.73,0.06,"","No","",114.9784,0.043486428755314
"12.10.15","P14","CL","CL3",270,"CrystalQuartz","","Core>2flakescars","11-40%","","CompCore","Bipolar","","","NotSphericalFlat","","FlatBladeletCore","","NoFH","270-360",4,NA,7.34,5.36,2.18,0.09,"","No","",134.0568,0.0298380984776602
"12.10.15","P14","CL","CL3",271,"CrystalQuartz","","Core>2flakescars","0%","","CompCore","Bipolar","","","SphericalOrCubic","","RiceGrainCore","","NoFH","270-360",3,NA,7.23,2.55,2.55,0.05,"","Yes","",86.751,0.0345817339281392
"12.10.15","P14","CL","CL3",272,"CrystalQuartz","","Core>2flakescars","1-9%","","CoreFrag","Bipolar","","","NotSphericalFlat","","FlatBladeletCore","","NoFH","90-180",4,NA,10.04,5.24,2.13,0.16,"","No","",170.312,0.0234863074827376
"12.11.15","P14","CL","CL3",301,"Chalcedony","","Core>2flakescars","11-40%","","CompCore","Bipolar","","","NotSphericalFlat","","FlatBladeletCore","","NoFH","270-360",9,NA,9.13,7.18,5.82,0.43,"","Yes","",320.9552,0.0280412967292632
"12.11.15","P14","CL","CL3",304,"VeinQuartz","","Core>2flakescars","0%","","CompCore","Bipolar","","","SphericalOrCubic","","RiceGrainCore","","NoFH","270-360",7,NA,13.88,4.06,2.94,0.18,"","No","",218.1928,0.0320817185534995
"12.11.15","P14","CL","CL3",305,"HeterogenousChert","","Core>2flakescars","1-9%","","CompCore","Bipolar","","","SphericalOrCubic","","RiceGrainCore","","NoFH","270-360",7,NA,10.18,4.7,4.25,0.18,"","No","",222.172,0.0315071206092577
"12.10.15","P14","CL","CL3",250,"CrystalQuartz","","Core>2flakescars","0%","","CompCore","Bipolar","","","SphericalOrCubic","","RiceGrainCore","","NoFH","270-360",0,NA,12.4,5.95,3.76,0.27,"","No","AF5",285.552,0
"12.10.15","P14","CL","CL3",251,"Chalcedony","","Core>2flakescars","1-9%","","CompCore","Bipolar","","","NotSphericalFlat","","FlatBladeletCore","","NoFH","270-360",7,NA,11.74,5.47,2.11,0.16,"","Yes","AF5",201.0618,0.0348151662822078
"12.10.15","P14","CL","CL3",252,"VeinQuartz","","Core>2flakescars","0%","","CompCore","Bipolar","","","SphericalOrCubic","","RiceGrainCore","","NoFH","270-360",6,NA,7.62,4.75,3.25,0.14,"","No","AF5",152.795,0.0392683006642887
"12.10.15","P14","CL","CL3",253,"VeinQuartz","","Core>2flakescars","0%","","CompCore","Bipolar","","","SphericalOrCubic","","RiceGrainCore","","NoFH","270-360",5,NA,8.51,4.08,2.66,0.13,"","No","AF5",136.4204,0.0366514099064363
"12.10.15","P14","CL","CL3",254,"VeinQuartz","","Core>2flakescars","0%","","CoreFrag","Bipolar","","","NotSphericalFlat","","FlatBladeletCore","","NoFH","90-180",5,NA,7.26,4.85,2.53,0.09,"chilled","No","AF5",131.6986,0.0379654757150038
"12.10.15","P14","CL","CL3",255,"VeinQuartz","","Core>2flakescars","1-9%","","CompCore","Bipolar","","","SphericalOrCubic","","CoreReducedPiece","","NoFH","270-360",3,NA,9.61,6.23,3.68,0.26,"","No","AF5",236.323,0.0126944901681174
"12.10.15","P14","CL","CL3",256,"VeinQuartz","","Core>2flakescars","0%","","CompCore","Bipolar","","","SphericalOrCubic","","RiceGrainCore","","NoFH","270-360",5,NA,7.07,2.83,2.68,0.05,"","No","AF5",93.0802,0.0537171170667876
"12.10.15","P14","CL","CL3",257,"VeinQuartz","","Core>2flakescars","0%","","CompCore","Bipolar","","","SphericalOrCubic","","RiceGrainCore","","NoFH","270-360",4,NA,7.9,2.23,1.51,0.04,"","No","AF5",65.8266,0.0607657086952691
"12.10.15","P14","CL","CL3",565,"VeinQuartz","","Core>2flakescars","0%","","CompCore","Bipolar","2","None","NotSphericalFlat","BladeBladelet","FlatBladeletCore","Bipolar","NoFH","270-360",NA,NA,11.67,6.47,3.7,0.26,"","No","BBG",285.2458,NA
"12.10.15","P14","CL","CL3",566,"VeinQuartz","","Core>2flakescars","11-40%","Outcrop","CompCore","Bipolar","2","None","NotSphericalFlat","BladeBladelet","FlatBladeletCore","Bipolar","NoFH","270-360",NA,NA,11.62,5.46,2.93,0.18,"","No","BBG",226.9792,NA
"12.11.15","P14","CL","CL3",591,"VeinQuartz","","Core>2flakescars","0%","","CompCore","Bipolar","2","None","SphericalOrCubic","BladeBladelet","CoreReducedPiece","Bipolar","AfterFH","180-270",NA,NA,34.84,24.7,16.38,12.85,"shows bp after fh","Yes","BBG",3671.6264,NA
"12.11.15","P14","CL","CL3",592,"VeinQuartz","","Core>2flakescars","11-40%","Outcrop","CompCore","Bipolar","Indeterminate","Indeterminate","SphericalOrCubic","Flake","CoreReducedPiece","Bipolar","NoFH","270-360",NA,NA,15.7,11.41,11.52,1.84,"","No","BBG",982.8884,NA
"12.11.15","P14","CL","CL3",593,"VeinQuartz","","Core>2flakescars","1-9%","Outcrop","CompCore","Bipolar","2","None","SphericalOrCubic","BladeBladelet","RiceGrainCore","Bipolar","NoFH","270-360",NA,NA,17.54,7.97,6.65,1.03,"","No","BBG",618.8706,NA
"12.11.15","P14","CL","CL3",594,"VeinQuartz","","Core>2flakescars","0%","","CompCore","Bipolar","2","None","SphericalOrCubic","BladeBladelet","RiceGrainCore","Bipolar","NoFH","270-360",NA,NA,14.77,9.08,5.3,0.78,"","Yes","BBG",521.0332,NA
"12.11.15","P14","CL","CL3",595,"CrystalQuartz","","Core>2flakescars","41-60%","Outcrop","CompCore","Bipolar","Indeterminate","Indeterminate","SphericalOrCubic","BladeBladelet","RiceGrainCore","Bipolar","NoFH","270-360",NA,NA,13.41,8.06,6.64,1.03,"great eg of early stage crystal bp","Yes","BBG",501.2908,NA
"12.11.15","P14","CL","CL3",596,"VeinQuartz","","Core>2flakescars","0%","","CompCore","Bipolar","2","None","SphericalOrCubic","BladeBladelet","FlatBladeletCore","Bipolar","NoFH","270-360",NA,NA,13.34,10.77,8.04,1.15,"","Yes","BBG",675.0324,NA
"12.11.15","P14","CL","CL3",597,"VeinQuartz","","Core>2flakescars","0%","","CompCore","Bipolar","2","None","Flake","BladeBladelet","FlatBladeletCore","Bipolar","NoFH","270-360",NA,NA,16.62,8.47,2.77,0.45,"","No","BBG",420.5414,NA
"12.11.15","P14","CL","CL3",598,"VeinQuartz","","Core>2flakescars","11-40%","Outcrop","CompCore","Bipolar","2","None","SphericalOrCubic","BladeBladelet","RiceGrainCore","Bipolar","NoFH","270-360",NA,NA,11.93,7,5.14,0.36,"","No","BBG",361.6204,NA
"12.11.15","P14","CL","CL3",287,"VeinQuartz","","Core>2flakescars","0%","","CompCore","Bipolar","","","SphericalOrCubic","","RiceGrainCore","","NoFH","270-360",5,NA,12.09,4.74,2.95,0.21,"","No","BBG",213.9102,0.0233742944469221
"12.11.15","P14","CL","CL3",288,"CrystalQuartz","","Core>2flakescars","1-9%","","CompCore","Bipolar","","","NotSphericalFlat","","FlatBladeletCore","","NoFH","270-360",5,NA,10.53,4.96,3.08,0.18,"","No","BBG",199.876,0.0250155096159619
"12.11.15","P14","CL","CL3",289,"CrystalQuartz","","Core>2flakescars","11-40%","","CompCore","Bipolar","","","SphericalOrCubic","","RiceGrainCore","","NoFH","180-270",5,NA,12.54,4.32,4.55,0.24,"","No","BBG",261.7716,0.0191006205409601
"12.11.15","P14","CL","CL3",290,"CrystalQuartz","","Core>2flakescars","0%","","CompCore","Bipolar","","","NotSphericalFlat","","FlatBladeletCore","","NoFH","270-360",5,NA,6.67,7.24,3.2,0.16,"","Yes","BBG",185.6056,0.0269388423625149
"12.11.15","P14","CL","CL3",291,"VeinQuartz","","Core>2flakescars","1-9%","","CompCore","Bipolar","","","SphericalOrCubic","","RiceGrainCore","","NoFH","270-360",9,NA,10.92,4.96,5.56,0.37,"","No","BBG",284.912,0.0315887010726119
"12.11.15","P14","CL","CL3",292,"CrystalQuartz","","Core>2flakescars","1-9%","","CompCore","Bipolar","","","SphericalOrCubic","","RiceGrainCore","","NoFH","270-360",5,NA,10.06,4.49,3.08,0.21,"","Yes","BBG",179.9668,0.0277829021797354
"12.11.15","P14","CL","CL3",293,"VeinQuartz","","Core>2flakescars","0%","","CoreFrag","Bipolar","","","SphericalOrCubic","","RiceGrainCore","","NoFH","270-360",6,NA,8.62,6.26,4.33,0.31,"distal tip","No","BBG",236.7832,0.0253396355822542
"12.11.15","P14","CL","CL3",294,"VeinQuartz","","Core>2flakescars","1-9%","","CompCore","Bipolar","","","NotSphericalFlat","","FlatBladeletCore","","NoFH","270-360",6,NA,6.99,6.27,2.24,0.11,"","Yes","BBG",147.0594,0.0407998400646269
"12.11.15","P14","CL","CL3",295,"CrystalQuartz","","Core>2flakescars","41-60%","","CoreFrag","Bipolar","","","NotSphericalFlat","","RiceGrainCore","","NoFH","90-180",4,NA,7.77,4.22,2.66,0.09,"chilled","No","BBG",129.3656,0.0309201209595132
"12.11.15","P14","CL","CL3",296,"CrystalQuartz","","Core>2flakescars","0%","","CompCore","Bipolar","","","SphericalOrCubic","","CoreReducedPiece","","NoFH","270-360",3,NA,8.67,6.12,3.56,0.15,"","No","BBG",211.4256,0.0141893886076237
"12.11.15","P14","CL","CL3",297,"VeinQuartz","","Core>2flakescars","0%","","CoreFrag","Bipolar","","","NotSphericalFlat","","RiceGrainCore","","NoFH","90-180",5,NA,8.21,3.51,2.49,0.07,"chilled","No","BBG",115.9998,0.0431035225922803
"12.11.15","P14","CL","CL3",298,"Chalcedony","","Core>2flakescars","0%","","CoreFrag","Bipolar","","","NotSphericalFlat","","RiceGrainCore","","NoFH","90-180",5,NA,6.95,3.11,2.47,0.06,"chilled","Yes","BBG",92.9254,0.0538066018548212
"12.11.15","P14","CL","CL3",299,"CrystalQuartz","","Core>2flakescars","0%","","CompCore","Bipolar","","","SphericalOrCubic","","RiceGrainCore","","NoFH","270-360",3,NA,7.38,3.37,1.78,0.06,"beautiful eg of crystal rice grain","Yes","BBG",88.0112,0.03408657080008
"12.11.15","P14","CL","CL3",302,"VeinQuartz","","Core>2flakescars","0%","","CompCore","Bipolar","","","SphericalOrCubic","","RiceGrainCore","","NoFH","270-360",7,NA,14.15,5.45,3.23,0.31,"","No","BBG",280.851,0.0249242480888443
"12.10.15","P14","CL","CL3",236,"VeinQuartz","","Core>2flakescars","1-9%","","CompCore","Bipolar","","","NotSphericalFlat","","CoreReducedPiece","","NoFH","270-360",0,NA,7,7.31,2.44,0.13,"","No","MA",172.1728,0
"12.10.15","P14","CL","CL3",237,"VeinQuartz","","Core>2flakescars","1-9%","","CompCore","Bipolar","","","SphericalOrCubic","","RiceGrainCore","","NoFH","270-360",6,NA,8.42,6.37,4.65,0.2,"","No","MA",244.8178,0.0245080218840297
"12.10.15","P14","CL","CL3",213,"VeinQuartz","","Core>2flakescars","1-9%","","CompCore","Bipolar","","","SphericalOrCubic","","CoreReducedPiece","","NoFH","270-360",6,NA,8.96,5.47,3.32,0.18,"","No","BG",193.8376,0.0309537468478768
"12.10.15","P14","CL","CL3",214,"VeinQuartz","","Core>2flakescars","0%","","CompCore","Bipolar","","","NotSphericalFlat","","FlatBladeletCore","","NoFH","270-360",4,NA,10.18,5.16,2.55,0.15,"","No","BG",183.2916,0.0218231495605909
"12.10.15","P14","CL","CL3",215,"CrystalQuartz","","Core>2flakescars","0%","","CompCore","Bipolar","","","SphericalOrCubic","","RiceGrainCore","","NoFH","270-360",4,NA,10.1,4.86,3.47,0.15,"","No","BG",201.9944,0.0198025291790267
"12.10.15","P14","CL","CL3",216,"CrystalQuartz","","Core>2flakescars","0%","","CoreFrag","Bipolar","","","NotSphericalFlat","","FlatBladeletCore","","NoFH","270-360",6,NA,9.37,4.96,2.47,0.09,"","No","BG",163.7406,0.0366433248687253
"12.10.15","P14","CL","CL3",217,"VeinQuartz","","Core>2flakescars","1-9%","","CompCore","Bipolar","","","NotSphericalFlat","","FlatBladeletCore","","NoFH","270-360",7,NA,9.82,8.27,5.34,0.35,"","Yes","BG",355.624,0.0196837108856545
"12.10.15","P14","CL","CL3",218,"VeinQuartz","","Core>2flakescars","0%","","CompCore","Bipolar","","","SphericalOrCubic","","RiceGrainCore","","NoFH","270-360",5,NA,8.27,5.41,4.39,0.17,"","No","BG",209.5918,0.0238558951256681
"12.10.15","P14","CL","CL3",220,"CrystalQuartz","","Core>2flakescars","0%","","CompCore","Bipolar","","","SphericalOrCubic","","RiceGrainCore","","NoFH","270-360",0,NA,7.25,3.32,2.24,0.05,"perfect rice grain","Yes","BG",95.4936,0
"12.10.15","P14","CL","CL3",221,"CrystalQuartz","","Core>2flakescars","0%","","CompCore","Bipolar","","","NotSphericalFlat","","Radialcore","","indeterminate","270-360",4,NA,6.03,6.61,1.94,0.08,"seems like radial flaking oin one side and bp on the other","Yes","BG",128.7598,0.0310655965604171
"12.10.15","P14","CL","CL3",222,"VeinQuartz","","Core>2flakescars","1-9%","","CompCore","Bipolar","","","NotSphericalFlat","","CoreReducedPiece","","NoFH","270-360",7,NA,8.19,7.32,3.01,0.17,"","No","BG",213.2718,0.0328219670861314
"12.10.15","P14","CL","CL3",223,"VeinQuartz","","Core>2flakescars","1-9%","","CompCore","Bipolar","","","SphericalOrCubic","","CoreReducedPiece","","NoFH","270-360",5,NA,9.35,5.25,3.74,0.18,"","No","BG",207.383,0.0241099800851565
"12.10.15","P14","CL","CL3",224,"CrystalQuartz","","Core>2flakescars","1-9%","","CompCore","Bipolar","","","SphericalOrCubic","","RiceGrainCore","","NoFH","270-360",5,NA,9.71,2.56,3.02,0.07,"","No","BG",123.826,0.0403792418393552
"12.10.15","P14","CL","CL3",225,"VeinQuartz","","Core>2flakescars","0%","","CompCore","Bipolar","","","SphericalOrCubic","","CoreReducedPiece","","NoFH","270-360",4,NA,9.82,6.46,3.22,0.25,"","No","BG",231.7176,0.0172623918079593
"12.10.15","P14","CL","CL3",226,"CrystalQuartz","","Core>2flakescars","0%","","CompCore","Bipolar","","","SphericalOrCubic","","RiceGrainCore","","NoFH","270-360",4,NA,6.79,3.52,2.03,0.06,"","No","BG",89.6602,0.0446128828621841
"12.10.15","P14","CL","CL3",227,"CrystalQuartz","","Core>2flakescars","0%","","CompCore","Bipolar","","","SphericalOrCubic","","RiceGrainCore","","NoFH","270-360",4,NA,8.29,3.03,3.22,0.09,"","No","BG",123.1382,0.0324838271145753
"12.10.15","P14","CL","CL3",228,"CrystalQuartz","","Core>2flakescars","0%","","CoreFrag","Bipolar","","","SphericalOrCubic","","RiceGrainCore","","NoFH","270-360",4,NA,4.3,4.49,3.12,0.06,"good eg of fractured distal rice grain tip","Yes","BG",93.4636,0.0427974099007528
"12.11.15","P14","CL","CL3",300,"Chalcedony","","Core>2flakescars","0%","","CompCore","Bipolar","","","NotSphericalFlat","","FlatBladeletCore","","NoFH","270-360",9,NA,10.8,9.03,2.8,0.32,"","Yes","BG",306.096,0.0294025403794888
"12.10.15","P14","CL","CL3",569,"VeinQuartz","","Core>2flakescars","0%","","CompCore","Freehand","3","None","NotSphericalFlat","BladeBladelet","FlatBladeletCore","Bipolar","NoFH","270-360",NA,NA,12.54,8.53,5.43,0.75,"evidence for some kind of holding device at base (hollowed out concavity)","Yes","BG2",442.7526,NA
"12.10.15","P14","CL","CL3",570,"CrystalQuartz","","Core>2flakescars","1-9%","Outcrop","CompCore","Freehand","2","None","NotSphericalFlat","BladeBladelet","FlatBladeletCore","Bipolar","NoFH","270-360",NA,NA,9.77,9.2,2.95,0.38,"","Yes","BG2",291.691,NA
"12.10.15","P14","CL","CL3",238,"CrystalQuartz","","Core>2flakescars","0%","","CompCore","Bipolar","","","NotSphericalFlat","","FlatBladeletCore","","NoFH","270-360",4,NA,8.05,4.95,3.47,0.15,"","No","BG2",169.915,0.0235411823558838
"12.10.15","P14","CL","CL3",239,"CrystalQuartz","","Core>2flakescars","1-9%","","CompCore","Bipolar","","","SphericalOrCubic","","CoreReducedPiece","","NoFH","270-360",8,NA,5.79,5.44,2.59,0.08,"","No","BG2",121.1666,0.0660247956119921
"12.10.15","P14","CL","CL3",240,"CrystalQuartz","","Core>2flakescars","0%","","CompCore","Bipolar","","","NotSphericalFlat","","RiceGrainCore","","NoFH","270-360",4,NA,8.53,5.04,3.8,0.17,"","No","BG2",189.1144,0.021151218521699
"12.10.15","P14","CL","CL3",241,"CrystalQuartz","","Core>2flakescars","0%","","CompCore","Bipolar","","","SphericalOrCubic","","Irregularcore","","NoFH","270-360",5,NA,11.07,6.88,6.09,0.45,"","No","BG2",370.9542,0.0134787529026494
"12.10.15","P14","CL","CL3",242,"CrystalQuartz","","Core>2flakescars","11-40%","","CompCore","Bipolar","","","SphericalOrCubic","","RiceGrainCore","","NoFH","270-360",5,NA,8.27,4.48,3.24,0.15,"","No","BG2",156.7192,0.0319041955293289
"12.10.15","P14","CL","CL3",243,"VeinQuartz","","Core>2flakescars","0%","","CompCore","Bipolar","","","NotSphericalFlat","","FlatBladeletCore","","NoFH","270-360",4,NA,6.88,7.29,2.5,0.17,"","No","BG2",171.1604,0.0233698916338125
"12.10.15","P14","CL","CL3",244,"VeinQuartz","","Core>2flakescars","0%","","CompCore","Bipolar","","","NotSphericalFlat","","CoreReducedPiece","","NoFH","270-360",7,NA,7.05,6.82,1.72,0.08,"","No","BG2",143.8748,0.0486534125503563
"12.10.15","P14","CL","CL3",245,"CrystalQuartz","","Core>2flakescars","1-9%","","CoreFrag","Bipolar","","","SphericalOrCubic","","RiceGrainCore","","NoFH","270-360",4,NA,7.28,4.26,2.54,0.11,"chilled","No","BG2",120.6488,0.0331540802726592
"12.10.15","P14","CL","CL3",246,"VeinQuartz","","Core>2flakescars","0%","","CompCore","Bipolar","","","SphericalOrCubic","","RiceGrainCore","","NoFH","270-360",4,NA,7.18,4.85,4.14,0.15,"","No","BG2",169.2544,0.0236330636013008
"12.10.15","P14","CL","CL3",247,"VeinQuartz","","Core>2flakescars","0%","","CompCore","Bipolar","","","NotSphericalFlat","","FlatBladeletCore","","NoFH","270-360",6,NA,6.11,5.76,3.04,0.12,"","No","BG2",142.5568,0.0420884868347213
"12.10.15","P14","CL","CL3",248,"CrystalQuartz","","Core>2flakescars","0%","","CoreFrag","Bipolar","","","NotSphericalFlat","","RiceGrainCore","","NoFH","90-180",6,NA,7.27,3.56,2.92,0.09,"","No","BG2",115.0096,0.0521695580195045
"12.11.15","P14","CL","CL3",303,"CrystalQuartz","","Core>2flakescars","1-9%","","CompCore","Bipolar","","","NotSphericalFlat","","CoreReducedPiece","","NoFH","270-360",7,NA,7.6,7.72,2.34,0.19,"","No","BG2",189.0416,0.0370288867635483
"12.10.15","P14","CL","CL3",573,"CrystalQuartz","","Core>2flakescars","11-40%","Outcrop","CompCore","Bipolar","3","None","SphericalOrCubic","BladeBladelet","RiceGrainCore","Bipolar","NoFH","270-360",NA,NA,15.14,7.53,5.03,0.68,"","Yes","BP",456.0686,NA
"12.10.15","P14","CL","CL3",574,"Chalcedony","","Core>2flakescars","11-40%","Outcrop","CompCore","Bipolar","2","None","Flake","BladeBladelet","CoreReducedPiece","Bipolar","NoFH","180-270",NA,NA,22.56,8.97,5.53,1.03,"","Yes","BP",753.4482,NA
"12.10.15","P14","CL","CL3",229,"FineChert","","Core>2flakescars","1-9%","","CompCore","Bipolar","","","NotSphericalFlat","","FlatBladeletCore","","NoFH","270-360",5,NA,11.69,6.23,3.3,0.27,"","Yes","BP",263.9294,0.018944460147297
"12.10.15","P14","CL","CL3",230,"VeinQuartz","","Core>2flakescars","0%","","CoreFrag","Bipolar","","","NotSphericalFlat","","RiceGrainCore","","NoFH","90-180",5,NA,7.76,3.68,2.17,0.07,"chilled","No","BP",106.7632,0.0468326164820837
"12.10.15","P14","CL","CL3",231,"VeinQuartz","","Core>2flakescars","0%","","CoreFrag","Bipolar","","","NotSphericalFlat","","FlatBladeletCore","","NoFH","90-180",4,NA,7.24,7.34,2.46,0.17,"chilled","No","BP",178.0168,0.0224697893681945
"12.10.15","P14","CL","CL3",232,"VeinQuartz","","Core>2flakescars","0%","","CompCore","Bipolar","","","NotSphericalFlat","","FlatBladeletCore","","NoFH","270-360",4,NA,6.12,4.9,2.81,0.09,"","No","BP",121.9084,0.0328115207811767
"12.10.15","P14","CL","CL3",233,"CrystalQuartz","","Core>2flakescars","0%","","CompCore","Bipolar","","","NotSphericalFlat","","FlatBladeletCore","","NoFH","270-360",6,NA,8.19,5.19,2.46,0.11,"","No","BP",150.8418,0.0397767727513196
"12.10.15","P14","CL","CL3",234,"VeinQuartz","","Core>2flakescars","0%","","CompCore","Bipolar","","","SphericalOrCubic","","CoreReducedPiece","","NoFH","270-360",8,NA,5.31,4.62,2.54,0.05,"","Yes","BP",99.5088,0.08039489974756
"12.10.15","P14","CL","CL3",581,"VeinQuartz","","Core>2flakescars","0%","","CompCore","Bipolar","Indeterminate","None","SphericalOrCubic","BladeBladelet","RiceGrainCore","Bipolar","NoFH","270-360",NA,NA,19.48,8.73,6.52,0.94,"","No","MA",707.9792,NA
"12.10.15","P14","CL","CL3",582,"VeinQuartz","","Core>2flakescars","1-9%","Outcrop","CompCore","Bipolar","Indeterminate","None","SphericalOrCubic","BladeBladelet","RiceGrainCore","Bipolar","NoFH","270-360",NA,NA,16.5,6.43,5.71,0.47,"","No","MA",474.0506,NA
"12.10.15","P14","CL","CL3",583,"VeinQuartz","","Core>2flakescars","11-40%","Outcrop","CompCore","Bipolar","3","None","NotSphericalFlat","BladeBladelet","FlatBladeletCore","Bipolar","NoFH","270-360",NA,NA,15.69,7.27,3.69,0.47,"","No","MA",397.5774,NA
"12.10.15","P14","CL","CL3",584,"VeinQuartz","","Core>2flakescars","11-40%","Outcrop","CompCore","Bipolar","2","None","SphericalOrCubic","BladeBladelet","FlatBladeletCore","Bipolar","NoFH","270-360",NA,NA,18.66,7.93,5.78,0.64,"","No","MA",603.328,NA
"12.10.15","P14","CL","CL3",585,"VeinQuartz","","Core>2flakescars","0%","","CompCore","Bipolar","2","None","NotSphericalFlat","BladeBladelet","FlatBladeletCore","Bipolar","NoFH","270-360",NA,NA,14.68,12.03,5.75,0.67,"","Yes","MA",660.3658,NA
"12.10.15","P14","CL","CL3",586,"VeinQuartz","","Core>2flakescars","0%","","CompCore","Bipolar","3","None","SphericalOrCubic","BladeBladelet","RiceGrainCore","Bipolar","NoFH","270-360",NA,NA,13.66,6.07,4.77,0.4,"","Yes","MA",354.0566,NA
"12.10.15","P14","CL","CL3",587,"CrystalQuartz","","Core>2flakescars","11-40%","Outcrop","CompCore","Bipolar","2","None","SphericalOrCubic","Flake","RiceGrainCore","Bipolar","NoFH","270-360",NA,NA,16.24,9.63,6.22,0.92,"","No","MA",634.6052,NA
"12.10.15","P14","CL","CL3",588,"VeinQuartz","","Core>2flakescars","0%","","CompCore","Bipolar","3","None","SphericalOrCubic","BladeBladelet","RiceGrainCore","Bipolar","NoFH","270-360",NA,NA,15.53,5.16,3.47,0.23,"","No","MA",303.8582,NA
"12.10.15","P14","CL","CL3",589,"VeinQuartz","","Core>2flakescars","0%","","CoreFrag","Bipolar","2","None","SphericalOrCubic","BladeBladelet","RiceGrainCore","Bipolar","NoFH","270-360",NA,NA,13.82,4.43,4.64,0.33,"chilled","No","MA",291.8052,NA
"12.10.15","P14","CL","CL3",590,"VeinQuartz","","Core>2flakescars","1-9%","Outcrop","CompCore","Bipolar","4","Four","SphericalOrCubic","BladeBladelet","Irregularcore","Platform","","270-360",NA,NA,8.81,7.9,8.62,0.54,"tiny fh platform core","Yes","MA",427.2784,NA
"12.11.15","P14","CL","CL3",602,"VeinQuartz","","Core>2flakescars","0%","","CompCore","Bipolar","3","None","NotSphericalFlat","BladeBladelet","FlatBladeletCore","Bipolar","NoFH","270-360",NA,NA,13.6,11.86,5.89,1.35,"","Yes","MA",622.5108,NA
"12.10.15","P14","CL","CL3",273,"VeinQuartz","","Core>2flakescars","1-9%","","CompCore","Bipolar","","","NotSphericalFlat","","CoreReducedPiece","","NoFH","270-360",4,NA,8.42,7.08,2.85,0.25,"","No","MA",207.5772,0.0192699390877225
"12.10.15","P14","CL","CL3",274,"VeinQuartz","","Core>2flakescars","0%","","CompCore","Bipolar","","","NotSphericalFlat","","FlatBladeletCore","","NoFH","270-360",5,NA,9.02,4.01,2.42,0.11,"","No","MA",135.4056,0.0369260946371494
"12.10.15","P14","CL","CL3",275,"CrystalQuartz","","Core>2flakescars","41-60%","","CompCore","Bipolar","","","NotSphericalFlat","","FlatBladeletCore","","NoFH","180-270",6,NA,9.81,5.25,2.98,0.16,"","No","MA",192.7626,0.0311263699493574
"12.10.15","P14","CL","CL3",276,"VeinQuartz","","Core>2flakescars","1-9%","","CompCore","Bipolar","","","SphericalOrCubic","","RiceGrainCore","","NoFH","270-360",5,NA,9.14,5.2,3.57,0.18,"","Yes","MA",197.4436,0.0253236873719888
"12.10.15","P14","CL","CL3",277,"VeinQuartz","","Core>2flakescars","0%","","CompCore","Bipolar","","","NotSphericalFlat","","FlatBladeletCore","","NoFH","270-360",6,NA,10.89,7.13,3.99,0.36,"","Yes","MA",299.091,0.0200607841760534
"12.10.15","P14","CL","CL3",278,"VeinQuartz","","Core>2flakescars","0%","","CompCore","Bipolar","","","NotSphericalFlat","","CoreReducedPiece","","NoFH","270-360",6,NA,6.7,5.27,2.51,0.09,"","No","MA",130.7074,0.0459040574596389
"12.10.15","P14","CL","CL3",279,"CrystalQuartz","","Core>2flakescars","0%","","CompCore","Bipolar","","","SphericalOrCubic","","CoreReducedPiece","","NoFH","270-360",4,NA,6.19,4.49,2.38,0.07,"","No","MA",106.423,0.037585860199393
"12.10.15","P14","CL","CL3",280,"VeinQuartz","","Core>2flakescars","0%","","CompCore","Bipolar","","","SphericalOrCubic","","RiceGrainCore","","NoFH","270-360",6,NA,8.44,3.63,4.36,0.13,"","No","MA",166.5248,0.036030669305713
"12.10.15","P14","CL","CL3",281,"VeinQuartz","","Core>2flakescars","0%","","CompCore","Bipolar","","","NotSphericalFlat","","FlatBladeletCore","","NoFH","270-360",6,NA,9.39,10.39,1.85,0.22,"","Yes","MA",268.3102,0.0223621763168154
"12.10.15","P14","CL","CL3",282,"VeinQuartz","","Core>2flakescars","1-9%","","CompCore","Bipolar","","","NotSphericalFlat","","CoreReducedPiece","","NoFH","180-270",7,NA,10.82,8.05,3.06,0.26,"","No","MA",289.6864,0.0241640615506976
"12.10.15","P14","CL","CL3",283,"CrystalQuartz","","Core>2flakescars","0%","","CompCore","Bipolar","","","SphericalOrCubic","","RiceGrainCore","","NoFH","270-360",5,NA,7.68,4.78,3.02,0.1,"","No","MA",148.6792,0.0336294518668381
"12.10.15","P14","CL","CL3",284,"CrystalQuartz","","Core>2flakescars","11-40%","","CompCore","Bipolar","","","SphericalOrCubic","","RiceGrainCore","","NoFH","270-360",6,NA,9.28,4.3,4.39,0.25,"","Yes","MA",199.0404,0.0301446339537099
"12.10.15","P14","CL","CL3",285,"VeinQuartz","","Core>2flakescars","0%","","CompCore","Bipolar","","","SphericalOrCubic","","RiceGrainCore","","NoFH","270-360",5,NA,7.94,3.57,2.02,0.07,"","No","MA",103.192,0.0484533684781766
"12.10.15","P14","CL","CL3",286,"VeinQuartz","","Core>2flakescars","1-9%","","CompCore","Bipolar","","","SphericalOrCubic","","CoreReducedPiece","","NoFH","270-360",4,NA,9.07,7.61,5.11,0.28,"","No","MA",308.515,0.0129653339383823
"12.09.15","P14","CL","CL3",560,"VeinQuartz","","Core>2flakescars","11-40%","Outcrop","CompCore","Inde","Indeterminate","None","SphericalOrCubic","Flake","CoreReducedPiece","Bipolar","NoFH","180-270",NA,NA,17.39,11.27,9.76,1.76,"","No","YA",951.4138,NA
"12.09.15","P14","CL","CL3",561,"VeinQuartz","","Core>2flakescars","0%","","CoreFrag","Inde","1","None","SphericalOrCubic","BladeBladelet","RiceGrainCore","Bipolar","NoFH","90-180",NA,NA,16.75,7.37,6.68,0.83,"chilled","No","YA",569.1382,NA
"12.09.15","P14","CL","CL3",210,"CrystalQuartz","","Core>2flakescars","0%","","CoreFrag","Bipolar","","","SphericalOrCubic","","RiceGrainCore","","NoFH","180-270",5,NA,5.65,5.18,3.41,0.15,"","No","YA",132.3946,0.0377658907538525
"12.09.15","P14","CL","CL3",211,"VeinQuartz","","Core>2flakescars","11-40%","","CompCore","Bipolar","","","NotSphericalFlat","","CoreReducedPiece","","NoFH","270-360",5,NA,6.61,7.36,2.62,0.14,"","No","YA",170.502,0.0293251692062263
"12.09.15","P14","CL","CL3",212,"CrystalQuartz","","Core>2flakescars","0%","","CompCore","Bipolar","","","NotSphericalFlat","","FlatBladeletCore","","NoFH","270-360",5,NA,6.65,5.93,2.15,0.09,"","No","YA",132.963,0.0376044463497364
